Block Height,Mining Pool,Timestamp,Found In (min),Block Reward (BTC),Fees (BTC),Total Input (BTC),Size (MB),Tx Count
890869,"Foundry USA",2025-04-04T10:57:53.000Z,1,3.138,0.013,,0.23,308
890868,"SBI Crypto",2025-04-04T10:56:44.000Z,4,3.146,0.021,,0.49,872
890867,"Foundry USA",2025-04-04T10:53:11.000Z,2,3.137,0.012,,0.59,1624
890866,"F2Pool",2025-04-04T10:51:29.000Z,12,3.178,0.053,,1.62,2286
890865,"Binance Pool",2025-04-04T10:39:03.000Z,8,3.150,0.025,,1.12,1707
890864,"Luxor",2025-04-04T10:31:16.000Z,0,3.126,0.001,,0.14,80
890863,"Antpool",2025-04-04T10:30:58.000Z,2,3.134,0.009,,0.49,650
890862,"Antpool",2025-04-04T10:29:09.000Z,6,3.156,0.031,,1.33,2722
890861,"Luxor",2025-04-04T10:23:22.000Z,12,3.174,0.049,,1.67,2651
890860,"Foundry USA",2025-04-04T10:11:35.000Z,11,3.187,0.062,,1.50,2568
890859,"Foundry USA",2025-04-04T10:00:42.000Z,2,3.148,0.023,,1.71,959
890858,"Foundry USA",2025-04-04T09:58:53.000Z,26,3.212,0.087,,1.66,4213
890857,"ViaBTC",2025-04-04T09:32:50.000Z,8,3.161,0.036,,0.80,1711
890856,"ViaBTC",2025-04-04T09:25:18.000Z,8,3.166,0.041,,1.17,1854
890855,"SECPOOL",2025-04-04T09:16:50.000Z,7,3.151,0.026,,1.10,1819
890854,"ViaBTC",2025-04-04T09:09:38.000Z,2,3.140,0.015,,0.76,1866
890853,"ViaBTC",2025-04-04T09:07:15.000Z,2,3.145,0.020,,1.41,929
890852,"Foundry USA",2025-04-04T09:05:28.000Z,14,3.217,0.092,,1.69,3522
890851,"ULTIMUSPOOL",2025-04-04T08:51:41.000Z,17,3.238,0.113,,1.64,3029
890850,"Poolin",2025-04-04T08:34:12.000Z,7,3.157,0.032,,1.84,2120
890849,"ViaBTC",2025-04-04T08:27:15.000Z,4,3.146,0.021,,0.85,1805
890848,"Luxor",2025-04-04T08:23:03.000Z,2,3.139,0.014,,0.98,2417
890847,"Antpool",2025-04-04T08:20:45.000Z,0,3.125,,,0.00,1
890846,"F2Pool",2025-04-04T08:20:32.000Z,13,3.180,0.055,,1.51,2433
890845,"Antpool",2025-04-04T08:08:01.000Z,2,3.139,0.014,,1.39,2690
890844,"F2Pool",2025-04-04T08:06:28.000Z,12,3.170,0.045,,1.65,1923
890843,"ULTIMUSPOOL",2025-04-04T07:54:51.000Z,0,3.130,0.005,,0.76,2110
890842,"ViaBTC",2025-04-04T07:54:37.000Z,2,3.148,0.023,,1.62,2993
890841,"Braiins Pool",2025-04-04T07:52:55.000Z,25,3.186,0.061,,1.65,2889
890840,"ViaBTC",2025-04-04T07:27:28.000Z,8,3.153,0.028,,1.61,3248
890839,"ViaBTC",2025-04-04T07:19:15.000Z,9,3.177,0.052,,1.69,3401
890838,"Antpool",2025-04-04T07:09:54.000Z,4,3.149,0.024,,1.72,4743
890837,"Antpool",2025-04-04T07:06:24.000Z,3,3.144,0.019,838,1.70,5037
890836,"Antpool",2025-04-04T07:03:20.000Z,7,3.153,0.028,1350,1.65,3646
890835,"Poolin",2025-04-04T06:56:21.000Z,6,3.146,0.021,3634,1.81,1971
890834,"SpiderPool",2025-04-04T06:50:50.000Z,4,3.146,0.021,1257,1.43,1106
890833,"SECPOOL",2025-04-04T06:46:53.000Z,22,3.175,0.050,4669,1.64,3190
890832,"MARA Pool",2025-04-04T06:24:49.000Z,1,3.154,0.029,302,3.50,569
890831,"Antpool",2025-04-04T06:23:42.000Z,11,3.161,0.036,2300,1.69,2281
890830,"F2Pool",2025-04-04T06:12:42.000Z,1,3.136,0.011,212,2.08,255
890829,"Foundry USA",2025-04-04T06:11:55.000Z,11,3.159,0.034,6546,1.72,2125
890828,"Foundry USA",2025-04-04T06:00:33.000Z,9,3.151,0.026,1100,1.77,1470
890827,"Antpool",2025-04-04T05:51:38.000Z,5,3.153,0.028,944,1.98,1139
890826,"Foundry USA",2025-04-04T05:47:03.000Z,15,3.170,0.045,6828,1.58,2572
890825,"ViaBTC",2025-04-04T05:32:15.000Z,2,3.140,0.015,443,1.70,4631
890824,"Poolin",2025-04-04T05:30:23.000Z,11,3.164,0.039,8356,1.41,1779
890823,"Foundry USA",2025-04-04T05:19:32.000Z,23,3.202,0.077,4423,1.74,3222
890822,"Luxor",2025-04-04T04:56:37.000Z,2,3.137,0.012,606,1.41,3385
890821,"Foundry USA",2025-04-04T04:54:36.000Z,6,3.151,0.026,969,1.69,4092
890820,"ViaBTC",2025-04-04T04:48:21.000Z,8,3.152,0.027,1879,1.58,2228
890819,"Mining Squared",2025-04-04T04:40:04.000Z,12,3.173,0.048,2170,1.76,2632
890818,"Foundry USA",2025-04-04T04:27:44.000Z,2,3.145,0.020,776,1.44,2331
890817,"Foundry USA",2025-04-04T04:25:30.000Z,26,3.241,0.116,3973,1.82,3032
890816,"Foundry USA",2025-04-04T03:59:14.000Z,1,3.138,0.013,166,1.93,4151
890815,"ViaBTC",2025-04-04T03:58:41.000Z,10,3.168,0.043,1749,1.53,2736
890814,"Foundry USA",2025-04-04T03:48:42.000Z,18,3.195,0.070,3594,1.57,2499
890813,"OCEAN",2025-04-04T03:31:06.000Z,1,3.136,0.011,155,1.92,4317
890812,"ViaBTC",2025-04-04T03:30:22.000Z,6,3.146,0.021,911,1.82,2548
890811,"Foundry USA",2025-04-04T03:24:43.000Z,13,3.163,0.038,2248,1.73,2613
890810,"SECPOOL",2025-04-04T03:11:44.000Z,2,3.138,0.013,544,1.78,4895
890809,"SECPOOL",2025-04-04T03:10:09.000Z,10,3.158,0.033,2135,1.62,3361
890808,"Foundry USA",2025-04-04T02:59:50.000Z,8,3.151,0.026,1711,1.60,3676
890807,"BTC.com",2025-04-04T02:52:19.000Z,3,3.140,0.015,674,2.09,3661
890806,"F2Pool",2025-04-04T02:49:14.000Z,1,3.138,0.013,421,1.86,2530
890805,"Antpool",2025-04-04T02:48:03.000Z,6,3.146,0.021,1707,1.56,2035
890804,"ViaBTC",2025-04-04T02:41:59.000Z,21,3.175,0.050,4180,1.54,2724
890803,"MARA Pool",2025-04-04T02:20:36.000Z,1,3.136,0.011,224,1.85,3901
890802,"Foundry USA",2025-04-04T02:19:41.000Z,13,3.176,0.051,3414,1.56,2724
890801,"Antpool",2025-04-04T02:06:44.000Z,2,3.142,0.017,616,1.36,1550
890800,"Foundry USA",2025-04-04T02:04:54.000Z,33,3.275,0.150,7277,1.81,3368
890799,"F2Pool",2025-04-04T01:32:16.000Z,9,3.157,0.032,1834,1.64,3609
890798,"Foundry USA",2025-04-04T01:23:42.000Z,3,3.144,0.019,925,1.74,4431
890797,"ViaBTC",2025-04-04T01:20:40.000Z,0,3.136,0.011,99,1.88,3873
890796,"ViaBTC",2025-04-04T01:20:11.000Z,6,3.149,0.024,2406,1.64,3286
890795,"F2Pool",2025-04-04T01:13:54.000Z,13,3.157,0.032,2504,1.56,2159
890794,"Antpool",2025-04-04T01:00:31.000Z,4,3.142,0.017,1064,1.73,3906
890793,"Foundry USA",2025-04-04T00:56:23.000Z,3,3.141,0.016,912,1.75,4147
890792,"Foundry USA",2025-04-04T00:52:59.000Z,6,3.144,0.019,1348,1.69,3497
890791,"SECPOOL",2025-04-04T00:46:48.000Z,0,3.135,0.010,73,1.70,3533
890790,"Foundry USA",2025-04-04T00:46:39.000Z,10,3.150,0.025,6568,1.47,1839
890789,"Foundry USA",2025-04-04T00:36:54.000Z,20,3.158,0.033,4876,1.55,2408
890788,"SpiderPool",2025-04-04T00:17:12.000Z,2,3.140,0.015,19451,2.00,4048
890787,"ViaBTC",2025-04-04T00:14:44.000Z,6,3.145,0.020,1777,1.61,3377
890786,"Foundry USA",2025-04-04T00:08:45.000Z,3,3.140,0.015,1058,1.87,3824
890785,"Foundry USA",2025-04-04T00:05:31.000Z,3,3.144,0.019,1358,1.81,3866
890784,"Foundry USA",2025-04-04T00:02:06.000Z,6,3.150,0.025,1049,1.69,3888
890783,"Antpool",2025-04-03T23:56:12.000Z,12,3.154,0.029,6194,1.62,3244
890782,"F2Pool",2025-04-03T23:44:03.000Z,4,3.139,0.014,1105,1.32,3061
890781,"Antpool",2025-04-03T23:39:40.000Z,2,3.138,0.013,707,1.87,2356
890780,"Foundry USA",2025-04-03T23:37:52.000Z,3,3.140,0.015,593,2.94,2255
890779,"Antpool",2025-04-03T23:35:04.000Z,5,3.149,0.024,1164,1.93,3298
890778,"Foundry USA",2025-04-03T23:30:26.000Z,6,3.146,0.021,1966,1.78,3414
890777,"Foundry USA",2025-04-03T23:24:42.000Z,1,3.132,0.007,394,1.07,2580
890776,"Foundry USA",2025-04-03T23:23:58.000Z,11,3.152,0.027,4668,1.88,3460
890775,"ViaBTC",2025-04-03T23:13:08.000Z,10,3.153,0.028,1555,1.57,3417
890774,"Antpool",2025-04-03T23:03:37.000Z,2,3.142,0.017,2581,1.38,1159
890773,"Foundry USA",2025-04-03T23:01:47.000Z,27,3.185,0.060,6353,1.46,3416
890772,"ViaBTC",2025-04-03T22:34:55.000Z,6,3.148,0.023,1048,1.63,3475
890771,"Foundry USA",2025-04-03T22:29:02.000Z,7,3.148,0.023,1610,1.58,3719
890770,"Antpool",2025-04-03T22:22:23.000Z,5,3.142,0.017,2065,1.50,3170
890769,"Antpool",2025-04-03T22:17:41.000Z,2,3.135,0.010,669,1.32,3300
890768,"Foundry USA",2025-04-03T22:15:53.000Z,7,3.150,0.025,1931,1.61,3506
890767,"Antpool",2025-04-03T22:09:06.000Z,6,3.146,0.021,1177,1.81,4010
890766,"Foundry USA",2025-04-03T22:02:43.000Z,8,3.152,0.027,3520,1.85,2851
890765,"ViaBTC",2025-04-03T21:54:38.000Z,4,3.144,0.019,1166,1.65,3205
890764,"Antpool",2025-04-03T21:51:04.000Z,2,3.138,0.013,1090,1.98,1991
890763,"Mining Squared",2025-04-03T21:49:31.000Z,9,3.159,0.034,5054,1.42,2451
890762,"F2Pool",2025-04-03T21:40:07.000Z,2,3.153,0.028,2489,1.57,2135
890761,"Foundry USA",2025-04-03T21:38:22.000Z,32,3.191,0.066,9341,1.51,3956
890760,"ViaBTC",2025-04-03T21:06:23.000Z,1,3.142,0.017,569,1.20,560
890759,"MARA Pool",2025-04-03T21:05:12.000Z,4,3.156,0.031,2599,1.55,2015
890758,"F2Pool",2025-04-03T21:01:39.000Z,24,3.186,0.061,18948,1.66,3285
890757,"Antpool",2025-04-03T20:38:03.000Z,13,3.163,0.038,12184,1.57,2588
890756,"F2Pool",2025-04-03T20:25:33.000Z,16,3.165,0.040,10554,1.81,3214
890755,"Foundry USA",2025-04-03T20:09:43.000Z,14,3.162,0.037,4842,1.81,2964
890754,"Foundry USA",2025-04-03T19:55:46.000Z,11,3.160,0.035,4972,1.63,2478
890753,"F2Pool",2025-04-03T19:44:17.000Z,2,3.144,0.019,694,1.96,749
890752,"F2Pool",2025-04-03T19:42:00.000Z,1,3.142,0.017,1580,2.51,237
890751,"Antpool",2025-04-03T19:41:11.000Z,11,3.161,0.036,4470,1.56,2609
890750,"Mining Squared",2025-04-03T19:30:14.000Z,1,3.141,0.016,309,1.02,184
890749,"F2Pool",2025-04-03T19:28:57.000Z,9,3.159,0.034,5692,1.41,2339
890748,"Foundry USA",2025-04-03T19:19:33.000Z,1,3.142,0.017,365,1.08,368
890747,"Antpool",2025-04-03T19:18:27.000Z,11,3.163,0.038,4382,1.51,2701
890746,"Foundry USA",2025-04-03T19:06:58.000Z,8,3.156,0.031,4244,1.40,2064
890745,"Foundry USA",2025-04-03T18:59:09.000Z,5,3.152,0.027,5505,1.58,2275
890744,"SBI Crypto",2025-04-03T18:54:22.000Z,13,3.177,0.052,12547,1.58,2612
890743,"Antpool",2025-04-03T18:41:19.000Z,14,3.179,0.054,9319,1.45,2943
890742,"Antpool",2025-04-03T18:27:12.000Z,5,3.155,0.030,2734,1.99,2661
890741,"Foundry USA",2025-04-03T18:21:53.000Z,1,3.151,0.026,1443,2.09,427
890740,"Foundry USA",2025-04-03T18:20:32.000Z,-0,3.146,0.021,89,2.15,197
890739,"Foundry USA",2025-04-03T18:20:40.000Z,13,3.177,0.052,22517,1.69,3068
890738,"Mining Squared",2025-04-03T18:07:59.000Z,11,3.172,0.047,6783,1.61,3028
890737,"ViaBTC",2025-04-03T17:56:41.000Z,4,3.156,0.031,18634,1.77,2016
890736,"F2Pool",2025-04-03T17:53:08.000Z,8,3.170,0.045,24635,1.68,3401
890735,"Foundry USA",2025-04-03T17:45:35.000Z,3,3.167,0.042,1975,1.66,3524
890734,"Antpool",2025-04-03T17:43:03.000Z,6,3.175,0.050,7448,1.58,3174
890733,"Foundry USA",2025-04-03T17:37:08.000Z,3,3.178,0.053,10072,1.51,2973
890732,"SECPOOL",2025-04-03T17:34:24.000Z,30,3.212,0.087,7210,1.55,3761
890731,"ViaBTC",2025-04-03T17:04:18.000Z,41,3.258,0.133,8510,1.52,3769
890730,"Foundry USA",2025-04-03T16:23:04.000Z,22,3.232,0.107,6375,1.60,3705
890729,"SECPOOL",2025-04-03T16:01:31.000Z,18,3.200,0.075,6744,1.59,3747
890728,"Antpool",2025-04-03T15:43:35.000Z,15,3.189,0.064,5896,1.68,3273
890727,"Foundry USA",2025-04-03T15:28:46.000Z,1,3.147,0.022,383,1.83,3615
890726,"SpiderPool",2025-04-03T15:27:34.000Z,6,3.156,0.031,2966,1.70,3658
890725,"Antpool",2025-04-03T15:21:30.000Z,1,3.136,0.011,224,1.67,3812
890724,"ViaBTC",2025-04-03T15:20:41.000Z,6,3.153,0.028,3000,1.66,3859
890723,"F2Pool",2025-04-03T15:15:08.000Z,3,3.149,0.024,1601,1.38,1440
890722,"Antpool",2025-04-03T15:12:35.000Z,9,3.179,0.054,4339,1.63,2921
890721,"ViaBTC",2025-04-03T15:03:11.000Z,15,3.199,0.074,15095,1.60,3319
890720,"Foundry USA",2025-04-03T14:48:24.000Z,0,3.139,0.014,173,1.25,393
890719,"ViaBTC",2025-04-03T14:48:23.000Z,6,3.161,0.036,5653,1.38,1893
890718,"F2Pool",2025-04-03T14:42:28.000Z,9,3.183,0.058,8355,1.66,2616
890717,"F2Pool",2025-04-03T14:33:52.000Z,0,3.142,0.017,389,1.26,1195
890716,"F2Pool",2025-04-03T14:33:39.000Z,1,3.152,0.027,2357,1.77,2954
890715,"Luxor",2025-04-03T14:33:03.000Z,5,3.182,0.057,6228,1.61,3321
890714,"SpiderPool",2025-04-03T14:27:58.000Z,0,3.125,,,0.00,1
890713,"Luxor",2025-04-03T14:27:45.000Z,34,3.304,0.179,16169,1.61,3602
890712,"SpiderPool",2025-04-03T13:53:30.000Z,18,3.214,0.089,8126,1.65,3448
890711,"Foundry USA",2025-04-03T13:35:32.000Z,8,3.181,0.056,6578,1.66,3912
890710,"Antpool",2025-04-03T13:27:28.000Z,24,3.245,0.120,5449,1.68,3478
890709,"SpiderPool",2025-04-03T13:03:12.000Z,17,3.217,0.092,8552,1.76,3011
890708,"Foundry USA",2025-04-03T12:46:18.000Z,7,3.165,0.040,1623,1.59,3611
890707,"F2Pool",2025-04-03T12:39:09.000Z,2,3.146,0.021,1673,1.66,2254
890706,"MARA Pool",2025-04-03T12:36:45.000Z,7,3.161,0.036,3838,1.45,2049
890705,"Binance Pool",2025-04-03T12:30:15.000Z,16,3.213,0.088,4687,1.86,2990
890704,"SECPOOL",2025-04-03T12:14:12.000Z,11,3.186,0.061,1947,1.40,2127
890703,"Antpool",2025-04-03T12:03:42.000Z,21,3.270,0.145,5758,1.79,3799
890702,"Foundry USA",2025-04-03T11:42:15.000Z,5,3.190,0.065,1948,1.76,4317
890701,"Foundry USA",2025-04-03T11:36:57.000Z,5,3.170,0.045,1001,1.73,3310
890700,"Foundry USA",2025-04-03T11:32:14.000Z,3,3.157,0.032,1243,1.71,4077
890699,"Antpool",2025-04-03T11:28:54.000Z,10,3.212,0.087,2502,1.70,3372
890698,"Foundry USA",2025-04-03T11:18:51.000Z,4,3.162,0.037,1354,1.58,2200
890697,"SBI Crypto",2025-04-03T11:14:35.000Z,18,3.245,0.120,4096,1.67,3244
890696,"ViaBTC",2025-04-03T10:56:44.000Z,8,3.168,0.043,3295,1.70,3932
890695,"Antpool",2025-04-03T10:48:59.000Z,3,3.144,0.019,2352,1.22,3355
890694,"ViaBTC",2025-04-03T10:46:11.000Z,8,3.195,0.070,4220,1.51,2480
890693,"Antpool",2025-04-03T10:38:26.000Z,6,3.160,0.035,5774,1.58,2906
890692,"Foundry USA",2025-04-03T10:32:32.000Z,3,3.138,0.013,6666,0.53,894
890691,"MARA Pool",2025-04-03T10:29:12.000Z,1,3.128,0.003,209,0.08,225
890690,"Foundry USA",2025-04-03T10:28:25.000Z,1,3.127,0.002,53,0.05,130
890689,"MARA Pool",2025-04-03T10:27:53.000Z,5,3.143,0.018,5577,0.83,1232
890688,"Antpool",2025-04-03T10:22:57.000Z,6,3.149,0.024,4650,1.43,2924
890687,"Antpool",2025-04-03T10:16:42.000Z,1,3.140,0.015,791,1.72,2521
890686,"Binance Pool",2025-04-03T10:15:51.000Z,1,3.149,0.024,4464,1.49,1897
890685,"Antpool",2025-04-03T10:14:34.000Z,32,3.197,0.072,6518,1.53,4052
890684,"BTC.com",2025-04-03T09:42:28.000Z,2,3.139,0.014,2538,1.53,1701
890683,"Foundry USA",2025-04-03T09:40:11.000Z,6,3.147,0.022,2599,1.84,1897
890682,"Antpool",2025-04-03T09:34:10.000Z,2,3.146,0.021,1069,1.21,631
890681,"Binance Pool",2025-04-03T09:32:10.000Z,1,3.145,0.020,1371,1.45,1711
890680,"Antpool",2025-04-03T09:31:08.000Z,15,3.174,0.049,11065,1.65,3695
890679,"Foundry USA",2025-04-03T09:15:39.000Z,25,3.185,0.060,4384,1.61,3143
890678,"Foundry USA",2025-04-03T08:50:18.000Z,28,3.177,0.052,5794,1.62,3936
890677,"SECPOOL",2025-04-03T08:21:57.000Z,5,3.145,0.020,4505,1.78,3295
890676,"F2Pool",2025-04-03T08:16:54.000Z,11,3.154,0.029,20997,1.38,2386
890675,"Foundry USA",2025-04-03T08:05:38.000Z,22,3.183,0.058,11173,1.70,3365
890674,"Foundry USA",2025-04-03T07:43:29.000Z,0,3.135,0.010,49,1.30,403
890673,"Foundry USA",2025-04-03T07:43:15.000Z,10,3.161,0.036,2324,1.47,2986
890672,"ViaBTC",2025-04-03T07:33:42.000Z,12,3.168,0.043,3118,1.61,3033
890671,"Foundry USA",2025-04-03T07:21:28.000Z,0,3.137,0.012,185,1.86,983
890670,"Antpool",2025-04-03T07:21:04.000Z,19,3.169,0.044,7086,1.78,2906
890669,"Foundry USA",2025-04-03T07:02:30.000Z,3,3.147,0.022,1698,1.83,2889
890668,"Antpool",2025-04-03T06:59:28.000Z,21,3.175,0.050,4164,1.45,2702
890667,"MARA Pool",2025-04-03T06:38:53.000Z,7,3.150,0.025,1699,1.31,1275
890666,"ViaBTC",2025-04-03T06:31:32.000Z,28,3.166,0.041,4040,1.66,3454
890665,"ViaBTC",2025-04-03T06:03:44.000Z,0,3.135,0.010,146,2.06,2129
890664,"Antpool",2025-04-03T06:03:20.000Z,10,3.151,0.026,1404,1.33,1468
890663,"Luxor",2025-04-03T05:53:16.000Z,29,3.164,0.039,7385,1.59,3352
890662,"ViaBTC",2025-04-03T05:24:41.000Z,-0,3.129,0.004,73,1.15,747
890661,"Foundry USA",2025-04-03T05:24:52.000Z,18,3.160,0.035,3270,1.41,2252
890660,"Foundry USA",2025-04-03T05:06:31.000Z,3,3.130,0.005,542,0.36,494
890659,"F2Pool",2025-04-03T05:03:49.000Z,1,3.128,0.003,123,0.18,264
890658,"Luxor",2025-04-03T05:02:35.000Z,4,3.142,0.017,852,1.50,2307
890657,"Foundry USA",2025-04-03T04:58:32.000Z,15,3.156,0.031,2279,1.58,1948
890656,"BTC.com",2025-04-03T04:43:07.000Z,2,3.138,0.013,579,1.86,1135
890655,"Foundry USA",2025-04-03T04:40:39.000Z,9,3.151,0.026,3861,1.49,1580
890654,"Antpool",2025-04-03T04:31:17.000Z,15,3.157,0.032,2788,1.54,2156
890653,"WhitePool",2025-04-03T04:16:37.000Z,13,3.151,0.026,3377,1.57,1965
890652,"Binance Pool",2025-04-03T04:03:10.000Z,1,3.137,0.012,204,1.74,1076
890651,"Foundry USA",2025-04-03T04:02:26.000Z,5,3.148,0.023,1354,1.43,1160
890650,"ViaBTC",2025-04-03T03:57:35.000Z,3,3.145,0.020,1026,1.99,1112
890649,"F2Pool",2025-04-03T03:54:47.000Z,10,3.155,0.030,3089,2.22,2357
890648,"Foundry USA",2025-04-03T03:44:29.000Z,5,3.167,0.042,1459,1.75,3826
890647,"SBI Crypto",2025-04-03T03:39:02.000Z,2,3.157,0.032,9229,1.65,3819
890646,"Antpool",2025-04-03T03:36:51.000Z,4,3.162,0.037,1177,1.74,4417
890645,"Foundry USA",2025-04-03T03:32:59.000Z,11,3.178,0.053,3085,1.64,3873
890644,"Luxor",2025-04-03T03:21:31.000Z,32,3.197,0.072,3456,1.53,2603
890643,"Antpool",2025-04-03T02:49:54.000Z,10,3.161,0.036,2494,1.71,3171
890642,"MARA Pool",2025-04-03T02:40:13.000Z,7,3.159,0.034,3106,1.88,2264
890641,"Foundry USA",2025-04-03T02:33:37.000Z,22,3.166,0.041,2857,1.53,3331
890640,"Foundry USA",2025-04-03T02:11:33.000Z,7,3.155,0.030,1222,2.44,2888
890639,"Antpool",2025-04-03T02:04:25.000Z,13,3.159,0.034,1907,2.07,2592
890638,"Carbon Negative",2025-04-03T01:51:35.000Z,12,3.158,0.033,4188,2.53,2339
890637,"ViaBTC",2025-04-03T01:39:11.000Z,20,3.163,0.038,3290,2.15,2662
890636,"Luxor",2025-04-03T01:19:28.000Z,5,3.147,0.022,1561,1.89,3304
890635,"NiceHash",2025-04-03T01:13:59.000Z,4,3.157,0.032,2268,2.01,2650
890634,"Antpool",2025-04-03T01:09:54.000Z,32,3.180,0.055,9616,1.58,3406
890633,"F2Pool",2025-04-03T00:37:53.000Z,28,3.173,0.048,24970,1.62,3235
890632,"Foundry USA",2025-04-03T00:09:59.000Z,15,3.164,0.039,5788,1.65,3086
890631,"SpiderPool",2025-04-02T23:54:56.000Z,33,3.177,0.052,8710,1.53,3633
890630,"Foundry USA",2025-04-02T23:21:27.000Z,13,3.160,0.035,6332,1.40,1968
890629,"ViaBTC",2025-04-02T23:08:49.000Z,4,3.137,0.012,1011,1.14,874
890628,"SpiderPool",2025-04-02T23:04:35.000Z,2,3.129,0.004,1940,0.46,338
890627,"MARA Pool",2025-04-02T23:03:05.000Z,6,3.138,0.013,1272,0.84,1490
890626,"ViaBTC",2025-04-02T22:57:21.000Z,15,3.160,0.035,8220,1.80,2662
890625,"Antpool",2025-04-02T22:42:31.000Z,15,3.159,0.034,5093,1.52,2641
890624,"Foundry USA",2025-04-02T22:27:20.000Z,5,3.135,0.010,2571,0.50,1127
890623,"Foundry USA",2025-04-02T22:22:26.000Z,9,3.144,0.019,25241,1.11,1731
890622,"F2Pool",2025-04-02T22:13:21.000Z,2,3.130,0.005,1372,0.26,619
890621,"BTC.com",2025-04-02T22:11:32.000Z,10,3.150,0.025,6125,1.58,1954
890620,"MARA Pool",2025-04-02T22:01:05.000Z,3,3.133,0.008,1857,0.79,583
890619,"Foundry USA",2025-04-02T21:58:14.000Z,8,3.141,0.016,1936,1.38,2574
890618,"Foundry USA",2025-04-02T21:50:23.000Z,6,3.144,0.019,1834,2.10,4330
890617,"Antpool",2025-04-02T21:44:53.000Z,3,3.141,0.016,2686,2.03,5935
890616,"Foundry USA",2025-04-02T21:41:38.000Z,6,3.146,0.021,13145,2.03,3041
890615,"Antpool",2025-04-02T21:35:52.000Z,4,3.143,0.018,1838,1.91,1943
890614,"Antpool",2025-04-02T21:31:56.000Z,15,3.166,0.041,7742,1.72,4002
890613,"ViaBTC",2025-04-02T21:17:14.000Z,1,3.147,0.022,2027,1.65,2708
890612,"SpiderPool",2025-04-02T21:16:34.000Z,2,3.159,0.034,4178,1.70,4303
890611,"Foundry USA",2025-04-02T21:14:33.000Z,7,3.175,0.050,2743,1.72,3871
890610,"Binance Pool",2025-04-02T21:08:02.000Z,8,3.187,0.062,2259,1.78,4605
890609,"ViaBTC",2025-04-02T21:00:09.000Z,7,3.186,0.061,3473,1.80,4957
890608,"F2Pool",2025-04-02T20:53:00.000Z,12,3.185,0.060,1802,1.79,4466
890607,"Foundry USA",2025-04-02T20:40:47.000Z,5,3.163,0.038,2018,1.86,5010
890606,"MARA Pool",2025-04-02T20:35:51.000Z,17,3.179,0.054,8789,1.56,3203
890605,"ViaBTC",2025-04-02T20:18:24.000Z,10,3.153,0.028,3670,1.59,2960
890604,"Foundry USA",2025-04-02T20:08:07.000Z,3,3.133,0.008,1876,0.64,960
890603,"Foundry USA",2025-04-02T20:05:29.000Z,6,3.146,0.021,2872,1.86,2220
890602,"WhitePool",2025-04-02T19:59:13.000Z,6,3.146,0.021,6208,1.95,2365
890601,"Foundry USA",2025-04-02T19:53:17.000Z,5,3.157,0.032,4452,1.69,3987
890600,"SECPOOL",2025-04-02T19:47:53.000Z,35,3.185,0.060,8992,1.59,3553
890599,"ViaBTC",2025-04-02T19:12:50.000Z,0,3.138,0.013,1722,1.83,1502
890598,"Foundry USA",2025-04-02T19:12:25.000Z,21,3.174,0.049,9425,1.61,3745
890597,"SBI Crypto",2025-04-02T18:51:10.000Z,13,3.158,0.033,6217,2.06,2446
890596,"SECPOOL",2025-04-02T18:37:48.000Z,5,3.138,0.013,2539,0.76,1350
890595,"SECPOOL",2025-04-02T18:33:11.000Z,8,3.165,0.040,1914,1.37,3067
890594,"Antpool",2025-04-02T18:25:04.000Z,11,3.161,0.036,7749,1.63,3260
890593,"Foundry USA",2025-04-02T18:13:35.000Z,8,3.149,0.024,7134,1.52,3184
890592,"MARA Pool",2025-04-02T18:05:37.000Z,2,3.136,0.011,2430,1.24,1856
890591,"ViaBTC",2025-04-02T18:03:19.000Z,5,3.153,0.028,2766,1.77,2242
890590,"Unknown",2025-04-02T17:58:29.000Z,3,3.151,0.026,4354,1.64,3194
890589,"Foundry USA",2025-04-02T17:55:15.000Z,2,3.158,0.033,5046,1.72,3973
890588,"ViaBTC",2025-04-02T17:53:41.000Z,42,3.215,0.090,10365,1.52,3438
890587,"Antpool",2025-04-02T17:12:07.000Z,15,3.162,0.037,4838,1.69,3232
890586,"Antpool",2025-04-02T16:57:01.000Z,3,3.139,0.014,1278,1.33,3263
890585,"Braiins Pool",2025-04-02T16:54:24.000Z,14,3.163,0.038,5495,1.57,3127
890584,"Foundry USA",2025-04-02T16:40:33.000Z,8,3.149,0.024,4680,1.48,2931
890583,"Luxor",2025-04-02T16:32:35.000Z,3,3.140,0.015,1020,1.09,2223
890582,"F2Pool",2025-04-02T16:29:06.000Z,3,3.141,0.016,1051,1.51,2066
890581,"Foundry USA",2025-04-02T16:26:26.000Z,10,3.155,0.030,4821,1.60,3391
890580,"Poolin",2025-04-02T16:16:05.000Z,9,3.155,0.030,7399,1.84,3774
890579,"F2Pool",2025-04-02T16:07:11.000Z,1,3.127,0.002,801,0.14,417
890578,"Antpool",2025-04-02T16:06:31.000Z,1,3.132,0.007,611,0.60,1286
890577,"MARA Pool",2025-04-02T16:05:11.000Z,4,3.144,0.019,4203,1.66,3683
890576,"Foundry USA",2025-04-02T16:01:23.000Z,2,3.142,0.017,1398,1.54,2104
890575,"ViaBTC",2025-04-02T15:58:58.000Z,0,3.139,0.014,1697,1.51,2392
890574,"Antpool",2025-04-02T15:58:53.000Z,18,3.176,0.051,10090,1.59,3225
890573,"Foundry USA",2025-04-02T15:41:15.000Z,2,3.144,0.019,2721,1.75,3685
890572,"Antpool",2025-04-02T15:39:32.000Z,23,3.188,0.063,5826,1.58,3750
890571,"SBI Crypto",2025-04-02T15:16:35.000Z,5,3.141,0.016,3160,1.15,2496
890570,"Foundry USA",2025-04-02T15:12:02.000Z,0,3.129,0.004,2706,0.55,902
890569,"Carbon Negative",2025-04-02T15:11:41.000Z,11,3.157,0.032,4789,1.44,2472
890568,"Foundry USA",2025-04-02T15:00:21.000Z,4,3.138,0.013,1542,0.64,1183
890567,"Foundry USA",2025-04-02T14:56:35.000Z,1,3.130,0.005,474,0.42,918
890566,"Mining Squared",2025-04-02T14:55:09.000Z,3,3.135,0.010,2792,0.46,1038
890565,"ViaBTC",2025-04-02T14:52:11.000Z,3,3.139,0.014,2131,1.08,1497
890564,"Foundry USA",2025-04-02T14:48:43.000Z,1,3.136,0.011,899,1.28,2718
890563,"Braiins Pool",2025-04-02T14:47:17.000Z,5,3.144,0.019,5244,1.42,1609
890562,"Foundry USA",2025-04-02T14:42:04.000Z,6,3.148,0.023,5317,1.52,2177
890561,"Foundry USA",2025-04-02T14:36:23.000Z,19,3.172,0.047,5909,1.61,3752
890560,"Antpool",2025-04-02T14:17:50.000Z,0,3.136,0.011,1511,1.84,1901
890559,"Luxor",2025-04-02T14:17:35.000Z,18,3.183,0.058,10632,1.64,3738
890558,"WhitePool",2025-04-02T13:59:30.000Z,2,3.139,0.014,521,1.67,791
890557,"Carbon Negative",2025-04-02T13:57:59.000Z,13,3.167,0.042,5508,1.62,3265
890556,"F2Pool",2025-04-02T13:44:48.000Z,15,3.168,0.043,7407,1.57,3577
890555,"Luxor",2025-04-02T13:29:53.000Z,5,3.139,0.014,1663,0.95,1583
890554,"OCEAN",2025-04-02T13:24:44.000Z,6,3.143,0.018,3231,1.28,2066
890553,"Foundry USA",2025-04-02T13:18:18.000Z,1,3.127,0.002,176,0.10,298
890552,"Foundry USA",2025-04-02T13:17:26.000Z,4,3.135,0.010,2719,0.56,1148
890551,"F2Pool",2025-04-02T13:13:25.000Z,4,3.141,0.016,2872,1.16,2964
890550,"ViaBTC",2025-04-02T13:09:17.000Z,0,3.137,0.012,255,1.50,2698
890549,"Foundry USA",2025-04-02T13:08:50.000Z,13,3.168,0.043,9130,1.50,2972
890548,"MARA Pool",2025-04-02T12:55:24.000Z,17,3.164,0.039,5488,1.68,3159
890547,"ViaBTC",2025-04-02T12:38:43.000Z,5,3.147,0.022,2776,1.70,1511
890546,"Antpool",2025-04-02T12:33:47.000Z,5,3.145,0.020,851,1.44,2664
890545,"Foundry USA",2025-04-02T12:28:50.000Z,18,3.168,0.043,4794,1.64,3722
890544,"SpiderPool",2025-04-02T12:11:01.000Z,8,3.149,0.024,4804,1.80,2230
890543,"Foundry USA",2025-04-02T12:02:55.000Z,1,3.137,0.012,158,2.06,312
890542,"ViaBTC",2025-04-02T12:02:11.000Z,11,3.156,0.031,7082,1.55,2634
890541,"Luxor",2025-04-02T11:51:32.000Z,4,3.142,0.017,1902,1.80,1259
890540,"Antpool",2025-04-02T11:47:48.000Z,5,3.144,0.019,2549,1.24,1961
890539,"Foundry USA",2025-04-02T11:42:40.000Z,6,3.149,0.024,2961,1.38,2245
890538,"Luxor",2025-04-02T11:36:16.000Z,10,3.157,0.032,5082,1.65,3152
890537,"ViaBTC",2025-04-02T11:26:09.000Z,3,3.155,0.030,3192,1.68,4006
890536,"Antpool",2025-04-02T11:22:52.000Z,32,3.197,0.072,6534,1.59,3962
890535,"F2Pool",2025-04-02T10:51:01.000Z,14,3.164,0.039,4333,1.40,3032
890534,"Mining Squared",2025-04-02T10:37:30.000Z,16,3.165,0.040,6694,1.63,3720
890533,"Foundry USA",2025-04-02T10:21:21.000Z,11,3.158,0.033,5169,1.54,3197
890532,"Foundry USA",2025-04-02T10:10:10.000Z,0,3.137,0.012,308,1.53,940
890531,"SECPOOL",2025-04-02T10:09:42.000Z,2,3.144,0.019,9061,1.47,2312
890530,"Foundry USA",2025-04-02T10:07:47.000Z,19,3.175,0.050,4363,1.59,3279
890529,"SECPOOL",2025-04-02T09:48:50.000Z,24,3.178,0.053,6975,1.61,3847
890528,"Antpool",2025-04-02T09:25:00.000Z,9,3.155,0.030,2149,1.47,2638
890527,"F2Pool",2025-04-02T09:15:55.000Z,15,3.173,0.048,4093,1.80,3563
890526,"Foundry USA",2025-04-02T09:01:14.000Z,-0,3.135,0.010,1,2.15,318
890525,"ViaBTC",2025-04-02T09:01:18.000Z,6,3.151,0.026,1575,1.71,3002
890524,"ViaBTC",2025-04-02T08:55:37.000Z,4,3.155,0.030,1711,1.70,2175
890523,"Antpool",2025-04-02T08:51:17.000Z,11,3.160,0.035,2985,1.69,2455
890522,"Foundry USA",2025-04-02T08:40:24.000Z,4,3.150,0.025,1657,1.61,1385
890521,"Foundry USA",2025-04-02T08:36:00.000Z,4,3.150,0.025,1896,1.84,1772
890520,"Antpool",2025-04-02T08:31:50.000Z,2,3.149,0.024,1658,1.48,1675
890519,"F2Pool",2025-04-02T08:29:28.000Z,20,3.288,0.163,3302,1.71,3307
890518,"WhitePool",2025-04-02T08:09:34.000Z,18,3.171,0.046,6152,1.62,3469
890517,"Antpool",2025-04-02T07:51:56.000Z,7,3.158,0.033,3628,1.64,3215
890516,"Antpool",2025-04-02T07:44:58.000Z,3,3.156,0.031,2417,1.69,3542
890515,"ViaBTC",2025-04-02T07:42:22.000Z,2,3.170,0.045,2511,1.65,2432
890514,"ViaBTC",2025-04-02T07:40:07.000Z,25,3.194,0.069,6669,1.57,3397
890513,"ViaBTC",2025-04-02T07:15:16.000Z,64,3.214,0.089,7012,1.56,3261
890512,"Antpool",2025-04-02T06:10:47.000Z,-1,3.126,0.001,28,0.19,48
890511,"ViaBTC",2025-04-02T06:11:22.000Z,9,3.144,0.019,1253,1.36,1811
890510,"Foundry USA",2025-04-02T06:02:18.000Z,4,3.139,0.014,3672,1.28,2392
890509,"ViaBTC",2025-04-02T05:58:32.000Z,2,3.137,0.012,642,1.87,3316
890508,"F2Pool",2025-04-02T05:56:28.000Z,6,3.160,0.035,1361,2.19,2490
890507,"ViaBTC",2025-04-02T05:50:07.000Z,2,3.137,0.012,355,1.94,3214
890506,"Binance Pool",2025-04-02T05:47:51.000Z,14,3.166,0.041,2563,1.71,2532
890505,"MARA Pool",2025-04-02T05:34:18.000Z,1,3.145,0.020,1783,1.66,2799
890504,"Binance Pool",2025-04-02T05:33:03.000Z,43,3.190,0.065,8088,1.65,3142
890503,"Foundry USA",2025-04-02T04:49:56.000Z,1,3.126,0.001,51,0.03,83
890502,"ViaBTC",2025-04-02T04:49:20.000Z,10,3.145,0.020,1816,1.66,2224
890501,"Foundry USA",2025-04-02T04:39:12.000Z,1,3.126,0.001,52,0.12,208
890500,"ViaBTC",2025-04-02T04:38:22.000Z,3,3.134,0.009,751,0.72,1240
890499,"MARA Pool",2025-04-02T04:34:54.000Z,11,3.147,0.022,1912,2.14,2646
890498,"Foundry USA",2025-04-02T04:23:49.000Z,15,3.153,0.028,23642,1.71,2269
890497,"MARA Pool",2025-04-02T04:09:00.000Z,0,3.125,0.000,69,0.03,39
890496,"Foundry USA",2025-04-02T04:08:43.000Z,2,3.129,0.004,208,0.57,405
890495,"Foundry USA",2025-04-02T04:06:30.000Z,8,3.143,0.018,1389,1.24,1832
890494,"BTC.com",2025-04-02T03:58:14.000Z,0,3.126,0.001,55,0.21,536
890493,"Foundry USA",2025-04-02T03:58:10.000Z,13,3.149,0.024,2314,1.89,2056
890492,"Mining Squared",2025-04-02T03:45:33.000Z,11,3.153,0.028,1800,1.85,2381
890491,"WhitePool",2025-04-02T03:34:32.000Z,13,3.155,0.030,2598,1.57,2222
890490,"ViaBTC",2025-04-02T03:21:07.000Z,1,3.129,0.004,167,0.19,305
890489,"Antpool",2025-04-02T03:20:27.000Z,1,3.125,0.000,5,0.01,38
890488,"Foundry USA",2025-04-02T03:19:44.000Z,12,3.149,0.024,1839,1.81,3138
890487,"Antpool",2025-04-02T03:07:34.000Z,5,3.142,0.017,467,0.90,1779
890486,"Foundry USA",2025-04-02T03:02:17.000Z,7,3.144,0.019,1187,1.48,2386
890485,"Antpool",2025-04-02T02:55:13.000Z,22,3.164,0.039,3402,1.57,2932
890484,"Foundry USA",2025-04-02T02:33:06.000Z,3,3.131,0.006,505,0.40,741
890483,"F2Pool",2025-04-02T02:30:28.000Z,9,3.142,0.017,1538,1.04,2218
890482,"MARA Pool",2025-04-02T02:21:35.000Z,3,3.131,0.006,708,0.40,842
890481,"Antpool",2025-04-02T02:18:41.000Z,2,3.130,0.005,365,0.27,617
890480,"Antpool",2025-04-02T02:16:42.000Z,2,3.131,0.006,298,0.37,759
890479,"Antpool",2025-04-02T02:14:30.000Z,11,3.147,0.022,1755,1.83,2767
890478,"Foundry USA",2025-04-02T02:03:55.000Z,23,3.167,0.042,3344,1.54,3265
890477,"ViaBTC",2025-04-02T01:40:37.000Z,4,3.132,0.007,804,0.47,862
890476,"SpiderPool",2025-04-02T01:36:42.000Z,9,3.143,0.018,1907,0.82,1933
890475,"Binance Pool",2025-04-02T01:27:23.000Z,3,3.131,0.006,795,0.40,661
890474,"SpiderPool",2025-04-02T01:23:59.000Z,2,3.130,0.005,286,0.56,369
890473,"Foundry USA",2025-04-02T01:22:25.000Z,1,3.128,0.003,536,0.21,251
890472,"Binance Pool",2025-04-02T01:21:44.000Z,6,3.140,0.015,1302,0.65,1303
890471,"F2Pool",2025-04-02T01:15:42.000Z,3,3.132,0.007,366,1.03,1493
890470,"SBI Crypto",2025-04-02T01:12:41.000Z,10,3.147,0.022,1425,1.18,1922
890469,"SBI Crypto",2025-04-02T01:02:52.000Z,9,3.146,0.021,2184,1.45,2243
890468,"Foundry USA",2025-04-02T00:53:59.000Z,11,3.147,0.022,2481,1.77,1899
890467,"SpiderPool",2025-04-02T00:43:07.000Z,5,3.136,0.011,885,0.68,1386
890466,"Foundry USA",2025-04-02T00:38:17.000Z,0,3.125,0.000,1,0.00,7
890465,"F2Pool",2025-04-02T00:38:16.000Z,5,3.141,0.016,1444,1.53,2179
890464,"SECPOOL",2025-04-02T00:33:18.000Z,18,3.165,0.040,2427,1.59,2990
890463,"Antpool",2025-04-02T00:15:41.000Z,1,3.129,0.004,19018,0.79,676
890462,"OCEAN",2025-04-02T00:14:56.000Z,4,3.139,0.014,1223,1.70,1791
890461,"ViaBTC",2025-04-02T00:11:07.000Z,3,3.141,0.016,978,1.70,2042
890460,"Foundry USA",2025-04-02T00:08:10.000Z,10,3.158,0.033,4859,1.77,2444
890459,"Antpool",2025-04-01T23:58:09.000Z,3,3.152,0.027,2456,1.66,3285
890458,"Foundry USA",2025-04-01T23:54:51.000Z,20,3.177,0.052,5991,1.58,3480
890457,"F2Pool",2025-04-01T23:35:18.000Z,46,3.210,0.085,6876,1.51,3488
890456,"Foundry USA",2025-04-01T22:49:16.000Z,1,3.144,0.019,1217,1.53,2166
890455,"Foundry USA",2025-04-01T22:47:50.000Z,16,3.165,0.040,4002,1.57,3555
890454,"Luxor",2025-04-01T22:32:13.000Z,36,3.186,0.061,3663,1.55,3610
890453,"Foundry USA",2025-04-01T21:56:23.000Z,5,3.145,0.020,1176,1.53,1671
890452,"ViaBTC",2025-04-01T21:51:33.000Z,4,3.143,0.018,1392,1.41,1425
890451,"ViaBTC",2025-04-01T21:47:37.000Z,2,3.142,0.017,928,1.92,951
890450,"Antpool",2025-04-01T21:45:54.000Z,21,3.170,0.045,4374,1.60,3536
890449,"Foundry USA",2025-04-01T21:25:20.000Z,15,3.163,0.038,3376,1.62,3512
890448,"Braiins Pool",2025-04-01T21:10:50.000Z,10,3.155,0.030,4422,1.76,2229
890447,"Braiins Pool",2025-04-01T21:00:40.000Z,2,3.144,0.019,2108,1.75,1919
890446,"SECPOOL",2025-04-01T20:58:27.000Z,26,3.180,0.055,9833,1.54,3998
890445,"Foundry USA",2025-04-01T20:32:54.000Z,4,3.156,0.031,3249,1.66,3579
890444,"ViaBTC",2025-04-01T20:29:07.000Z,36,3.187,0.062,8358,1.50,3797
890443,"SECPOOL",2025-04-01T19:53:17.000Z,6,3.151,0.026,2646,1.70,2155
890442,"Antpool",2025-04-01T19:47:14.000Z,17,3.181,0.056,9001,1.63,3566
890441,"Foundry USA",2025-04-01T19:30:03.000Z,2,3.153,0.028,2998,1.67,2813
890440,"ViaBTC",2025-04-01T19:27:57.000Z,28,3.198,0.073,5476,1.58,3823
890439,"Poolin",2025-04-01T18:59:46.000Z,3,3.138,0.013,833,1.24,1401
890438,"Foundry USA",2025-04-01T18:56:29.000Z,15,3.169,0.044,5032,1.69,3268
890437,"ViaBTC",2025-04-01T18:41:07.000Z,7,3.152,0.027,2466,1.28,2454
890436,"Antpool",2025-04-01T18:34:31.000Z,1,3.134,0.009,425,1.27,1903
890435,"Antpool",2025-04-01T18:33:26.000Z,5,3.150,0.025,1705,1.68,1480
890434,"SpiderPool",2025-04-01T18:28:31.000Z,4,3.150,0.025,1928,1.36,1772
890433,"Braiins Pool",2025-04-01T18:24:50.000Z,5,3.155,0.030,2929,1.76,2590
890432,"ViaBTC",2025-04-01T18:19:22.000Z,8,3.160,0.035,2555,1.70,3061
890431,"SpiderPool",2025-04-01T18:11:31.000Z,9,3.169,0.044,3668,1.67,3413
890430,"ViaBTC",2025-04-01T18:02:14.000Z,26,3.186,0.061,6074,1.65,3182
890429,"OCEAN",2025-04-01T17:36:38.000Z,3,3.150,0.025,2344,1.76,2838
890428,"F2Pool",2025-04-01T17:33:36.000Z,10,3.164,0.039,4846,1.60,3058
890427,"Foundry USA",2025-04-01T17:23:15.000Z,1,3.154,0.029,4768,1.82,2929
890426,"Foundry USA",2025-04-01T17:22:32.000Z,23,3.199,0.074,8734,1.59,3218
890425,"Luxor",2025-04-01T16:59:22.000Z,23,3.181,0.056,5965,1.69,3752
890424,"Foundry USA",2025-04-01T16:36:17.000Z,20,3.180,0.055,6193,1.81,3616
890423,"Antpool",2025-04-01T16:16:11.000Z,15,3.167,0.042,7430,1.68,3286
890422,"MARA Pool",2025-04-01T16:01:40.000Z,4,3.154,0.029,1102,2.77,1324
890421,"Foundry USA",2025-04-01T15:57:46.000Z,10,3.158,0.033,4263,1.75,2713
890420,"Foundry USA",2025-04-01T15:47:53.000Z,7,3.152,0.027,3894,1.58,2401
890419,"ViaBTC",2025-04-01T15:40:42.000Z,1,3.131,0.006,794,0.35,477
890418,"Antpool",2025-04-01T15:39:29.000Z,2,3.135,0.010,1158,1.02,2419
890417,"Braiins Pool",2025-04-01T15:37:18.000Z,6,3.148,0.023,2760,1.73,2928
890416,"Luxor",2025-04-01T15:31:19.000Z,3,3.149,0.024,2759,1.68,2830
890415,"SECPOOL",2025-04-01T15:28:03.000Z,23,3.182,0.057,16917,1.58,3836
890414,"Foundry USA",2025-04-01T15:05:15.000Z,3,3.145,0.020,2208,1.59,2007
890413,"Foundry USA",2025-04-01T15:02:33.000Z,18,3.175,0.050,6945,1.62,3248
890412,"Foundry USA",2025-04-01T14:44:23.000Z,8,3.153,0.028,4986,1.52,1953
890411,"ViaBTC",2025-04-01T14:36:19.000Z,8,3.149,0.024,4352,1.47,3144
890410,"F2Pool",2025-04-01T14:28:31.000Z,3,3.136,0.011,1956,0.75,1282
890409,"ViaBTC",2025-04-01T14:25:07.000Z,5,3.145,0.020,8122,1.13,1859
890408,"SpiderPool",2025-04-01T14:19:58.000Z,1,3.131,0.006,344,0.97,1530
890407,"Foundry USA",2025-04-01T14:19:23.000Z,3,3.144,0.019,2357,1.72,2132
890406,"Antpool",2025-04-01T14:16:27.000Z,9,3.166,0.041,5523,1.72,3061
890405,"Antpool",2025-04-01T14:07:55.000Z,18,3.175,0.050,3704,1.83,1961
890404,"ViaBTC",2025-04-01T13:50:07.000Z,1,3.133,0.008,489,1.07,2151
890403,"MARA Pool",2025-04-01T13:48:58.000Z,14,3.169,0.044,7420,1.66,2986
890402,"Poolin",2025-04-01T13:35:15.000Z,2,3.132,0.007,594,0.84,1623
890401,"Foundry USA",2025-04-01T13:33:44.000Z,2,3.141,0.016,1026,1.82,2460
890400,"Foundry USA",2025-04-01T13:31:29.000Z,8,3.154,0.029,4116,1.76,3423
890399,"F2Pool",2025-04-01T13:23:36.000Z,5,3.147,0.022,2589,1.70,1930
890398,"F2Pool",2025-04-01T13:18:22.000Z,4,3.156,0.031,3531,1.88,2254
890397,"Foundry USA",2025-04-01T13:14:17.000Z,6,3.157,0.032,3660,1.61,3333
890396,"Foundry USA",2025-04-01T13:08:11.000Z,12,3.169,0.044,6072,1.62,3218
890395,"Foundry USA",2025-04-01T12:56:17.000Z,17,3.183,0.058,8268,1.71,3401
890394,"Foundry USA",2025-04-01T12:39:19.000Z,33,3.188,0.063,7810,1.61,3837
890393,"SpiderPool",2025-04-01T12:06:44.000Z,3,3.143,0.018,3539,1.82,2491
890392,"Luxor",2025-04-01T12:04:00.000Z,20,3.174,0.049,5267,1.72,3219
890391,"Foundry USA",2025-04-01T11:44:01.000Z,4,3.142,0.017,804,1.50,2232
890390,"ViaBTC",2025-04-01T11:39:33.000Z,17,3.167,0.042,5423,1.59,3713
890389,"Foundry USA",2025-04-01T11:22:24.000Z,9,3.156,0.031,4453,1.21,2927
890388,"Foundry USA",2025-04-01T11:13:05.000Z,3,3.133,0.008,457,0.43,1110
890387,"Foundry USA",2025-04-01T11:10:03.000Z,1,3.133,0.008,489,0.77,1718
890386,"ViaBTC",2025-04-01T11:09:17.000Z,4,3.142,0.017,1536,1.94,3822
890385,"F2Pool",2025-04-01T11:05:44.000Z,2,3.138,0.013,463,1.54,1231
890384,"Foundry USA",2025-04-01T11:04:08.000Z,6,3.152,0.027,2892,1.39,1781
890383,"Antpool",2025-04-01T10:58:22.000Z,5,3.148,0.023,8685,1.60,2579
890382,"MARA Pool",2025-04-01T10:53:02.000Z,8,3.156,0.031,4732,1.56,2829
890381,"Antpool",2025-04-01T10:45:22.000Z,12,3.164,0.039,9781,1.46,2934
890380,"MARA Pool",2025-04-01T10:33:43.000Z,12,3.171,0.046,4099,1.72,3431
890379,"ViaBTC",2025-04-01T10:21:40.000Z,0,3.136,0.011,162,1.81,2421
890378,"SECPOOL",2025-04-01T10:21:15.000Z,8,3.157,0.032,5698,1.70,3530
890377,"SpiderPool",2025-04-01T10:13:42.000Z,3,3.152,0.027,1396,1.70,3384
890376,"ViaBTC",2025-04-01T10:11:06.000Z,0,3.159,0.034,2801,1.70,3891
890375,"ViaBTC",2025-04-01T10:10:44.000Z,48,3.217,0.092,7175,1.55,3798
890374,"F2Pool",2025-04-01T09:23:12.000Z,4,3.152,0.027,2512,1.70,3362
890373,"Foundry USA",2025-04-01T09:19:17.000Z,24,3.183,0.058,5685,1.65,3572
890372,"Foundry USA",2025-04-01T08:55:10.000Z,1,3.137,0.012,606,1.63,2324
890371,"Antpool",2025-04-01T08:54:17.000Z,10,3.165,0.040,4017,1.66,3073
890370,"ViaBTC",2025-04-01T08:44:17.000Z,4,3.158,0.033,2587,1.65,2834
890369,"ViaBTC",2025-04-01T08:40:36.000Z,20,3.186,0.061,3725,1.52,2265
890368,"Foundry USA",2025-04-01T08:20:15.000Z,2,3.149,0.024,8071,1.72,3623
890367,"ViaBTC",2025-04-01T08:17:55.000Z,27,3.192,0.067,27546,1.48,3723
890366,"MARA Pool",2025-04-01T07:51:02.000Z,15,3.189,0.064,6335,2.38,1943
890365,"F2Pool",2025-04-01T07:35:42.000Z,9,3.158,0.033,2943,1.68,2051
890364,"Binance Pool",2025-04-01T07:26:52.000Z,4,3.147,0.022,1564,2.05,3206
890363,"Foundry USA",2025-04-01T07:22:34.000Z,3,3.148,0.023,2242,1.73,1965
890362,"OCEAN",2025-04-01T07:19:40.000Z,19,3.171,0.046,6366,1.69,3102
890361,"Foundry USA",2025-04-01T07:00:12.000Z,16,3.162,0.037,3370,2.00,2866
890360,"Foundry USA",2025-04-01T06:44:26.000Z,11,3.162,0.037,4952,1.59,2223
890359,"ViaBTC",2025-04-01T06:33:08.000Z,4,3.146,0.021,1201,1.75,1747
890358,"Foundry USA",2025-04-01T06:29:14.000Z,23,3.172,0.047,6420,1.69,2965
890357,"Carbon Negative",2025-04-01T06:06:11.000Z,2,3.139,0.014,300,1.86,2497
890356,"Antpool",2025-04-01T06:04:05.000Z,3,3.143,0.018,1423,1.63,3370
890355,"Foundry USA",2025-04-01T06:00:44.000Z,11,3.162,0.037,11089,1.58,3298
890354,"ViaBTC",2025-04-01T05:50:06.000Z,48,3.187,0.062,16151,1.60,3584
890353,"Antpool",2025-04-01T05:01:58.000Z,11,3.151,0.026,2304,1.69,2276
890352,"Foundry USA",2025-04-01T04:50:53.000Z,3,3.142,0.017,775,1.86,3702
890351,"Foundry USA",2025-04-01T04:48:16.000Z,0,3.138,0.013,1177,1.64,2931
890350,"Mining Squared",2025-04-01T04:48:00.000Z,34,3.175,0.050,5006,1.62,3206
890349,"Mining Squared",2025-04-01T04:14:03.000Z,25,3.172,0.047,22758,1.81,2598
890348,"Antpool",2025-04-01T03:49:22.000Z,1,3.136,0.011,213,1.95,1601
890347,"MARA Pool",2025-04-01T03:48:46.000Z,7,3.150,0.025,989,2.74,2192
890346,"Luxor",2025-04-01T03:42:08.000Z,15,3.154,0.029,2966,1.67,2283
890345,"SBI Crypto",2025-04-01T03:27:31.000Z,11,3.158,0.033,4837,1.62,2245
890344,"SpiderPool",2025-04-01T03:16:41.000Z,13,3.160,0.035,3771,1.89,1689
890343,"Foundry USA",2025-04-01T03:03:55.000Z,4,3.135,0.010,738,0.99,1620
890342,"F2Pool",2025-04-01T02:59:51.000Z,17,3.159,0.034,3016,1.77,2328
890341,"ViaBTC",2025-04-01T02:42:54.000Z,11,3.152,0.027,2802,1.56,1981
890340,"F2Pool",2025-04-01T02:31:30.000Z,3,3.131,0.006,1146,0.45,943
890339,"Foundry USA",2025-04-01T02:28:19.000Z,5,3.136,0.011,812,0.82,1562
890338,"Antpool",2025-04-01T02:23:28.000Z,8,3.143,0.018,4244,1.19,2187
890337,"Antpool",2025-04-01T02:15:53.000Z,-3,3.126,0.001,40,0.04,73
890336,"F2Pool",2025-04-01T02:18:46.000Z,8,3.133,0.008,563,0.56,1185
890335,"SpiderPool",2025-04-01T02:10:33.000Z,7,3.140,0.015,2269,1.15,1607
890334,"Antpool",2025-04-01T02:03:08.000Z,8,3.146,0.021,1099,1.58,3258
890333,"Luxor",2025-04-01T01:54:43.000Z,11,3.148,0.023,4596,1.77,2568
890332,"Foundry USA",2025-04-01T01:43:28.000Z,10,3.155,0.030,2806,1.83,2106
890331,"Foundry USA",2025-04-01T01:33:37.000Z,34,3.182,0.057,6222,1.55,3340
890330,"Mining Squared",2025-04-01T00:59:44.000Z,12,3.149,0.024,2022,1.50,2920
890329,"Foundry USA",2025-04-01T00:48:10.000Z,21,3.160,0.035,4704,1.80,2971
890328,"Foundry USA",2025-04-01T00:26:49.000Z,12,3.150,0.025,20972,1.77,2551
890327,"Antpool",2025-04-01T00:14:51.000Z,3,3.138,0.013,1211,1.68,2295
890326,"ViaBTC",2025-04-01T00:11:52.000Z,4,3.149,0.024,3470,1.67,2450
890325,"Foundry USA",2025-04-01T00:07:27.000Z,34,3.197,0.072,4901,1.54,3521
890324,"Foundry USA",2025-03-31T23:33:50.000Z,0,3.138,0.013,1900,1.82,1684
890323,"Foundry USA",2025-03-31T23:33:25.000Z,16,3.165,0.040,5140,1.62,2994
890322,"ViaBTC",2025-03-31T23:17:49.000Z,29,3.181,0.056,3789,1.69,2776
890321,"Foundry USA",2025-03-31T22:48:22.000Z,11,3.156,0.031,2232,1.78,2271
890320,"ViaBTC",2025-03-31T22:37:33.000Z,13,3.154,0.029,4820,1.75,2734
890319,"ViaBTC",2025-03-31T22:24:06.000Z,2,3.137,0.012,1374,1.86,2219
890318,"Antpool",2025-03-31T22:22:27.000Z,20,3.163,0.038,3497,1.61,3111
890317,"Foundry USA",2025-03-31T22:02:27.000Z,25,3.165,0.040,5201,1.52,3575
890316,"ViaBTC",2025-03-31T21:37:14.000Z,1,3.129,0.004,1408,0.22,417
890315,"Antpool",2025-03-31T21:35:59.000Z,2,3.128,0.003,1954,0.14,332
890314,"MARA Pool",2025-03-31T21:34:02.000Z,-0,3.127,0.002,453,0.17,344
890313,"MARA Pool",2025-03-31T21:34:20.000Z,4,3.131,0.006,943,0.64,548
890312,"Foundry USA",2025-03-31T21:30:15.000Z,7,3.145,0.020,3426,1.32,1893
890311,"Foundry USA",2025-03-31T21:22:46.000Z,8,3.146,0.021,2765,1.25,1994
890310,"MARA Pool",2025-03-31T21:14:56.000Z,6,3.140,0.015,3173,1.78,1208
890309,"ViaBTC",2025-03-31T21:09:20.000Z,8,3.151,0.026,2968,1.59,2016
890308,"Antpool",2025-03-31T21:01:18.000Z,1,3.132,0.007,438,0.64,486
890307,"ViaBTC",2025-03-31T20:59:52.000Z,1,3.128,0.003,452,0.24,231
890306,"ViaBTC",2025-03-31T20:58:54.000Z,4,3.139,0.014,12047,1.60,1466
890305,"Antpool",2025-03-31T20:54:41.000Z,8,3.148,0.023,2892,1.47,2093
890304,"MARA Pool",2025-03-31T20:47:00.000Z,17,3.167,0.042,26651,1.67,3095
890303,"ViaBTC",2025-03-31T20:30:18.000Z,2,3.134,0.009,695,0.74,1864
890302,"Antpool",2025-03-31T20:28:23.000Z,1,3.128,0.003,208,0.58,665
890301,"ViaBTC",2025-03-31T20:27:49.000Z,1,3.136,0.011,317,1.22,673
890300,"F2Pool",2025-03-31T20:27:04.000Z,13,3.158,0.033,4625,1.86,3315
890299,"SpiderPool",2025-03-31T20:13:55.000Z,6,3.161,0.036,6836,1.81,2300
890298,"Antpool",2025-03-31T20:08:24.000Z,16,3.211,0.086,7965,1.71,2744
890297,"MARA Pool",2025-03-31T19:52:25.000Z,8,3.170,0.045,4067,1.79,2319
890296,"ViaBTC",2025-03-31T19:44:16.000Z,16,3.289,0.164,6181,1.67,3214
890295,"SECPOOL",2025-03-31T19:28:31.000Z,0,3.139,0.014,278,1.25,719
890294,"Foundry USA",2025-03-31T19:28:06.000Z,13,3.179,0.054,7151,1.66,3310
890293,"Antpool",2025-03-31T19:14:57.000Z,15,3.195,0.070,5554,1.66,3380
890292,"Foundry USA",2025-03-31T19:00:03.000Z,3,3.148,0.023,6108,1.91,1908
890291,"F2Pool",2025-03-31T18:57:33.000Z,7,3.166,0.041,3887,1.85,2739
890290,"Foundry USA",2025-03-31T18:50:39.000Z,20,3.176,0.051,4853,1.65,3278
890289,"Foundry USA",2025-03-31T18:30:17.000Z,11,3.163,0.038,3283,1.66,2956
890288,"ViaBTC",2025-03-31T18:19:36.000Z,2,3.144,0.019,1402,1.73,2185
890287,"Foundry USA",2025-03-31T18:17:23.000Z,3,3.153,0.028,3843,1.84,2045
890286,"MARA Pool",2025-03-31T18:14:22.000Z,10,3.168,0.043,9649,1.66,3423
890285,"MARA Pool",2025-03-31T18:04:30.000Z,8,3.182,0.057,7072,1.65,3659
890284,"MARA Pool",2025-03-31T17:56:13.000Z,11,3.189,0.064,7652,1.65,3367
890283,"Foundry USA",2025-03-31T17:45:11.000Z,3,3.175,0.050,8634,1.77,3346
890282,"Foundry USA",2025-03-31T17:42:37.000Z,39,3.254,0.129,7420,1.55,2891
890281,"Foundry USA",2025-03-31T17:03:20.000Z,3,3.143,0.018,1009,1.33,1104
890280,"ViaBTC",2025-03-31T17:00:36.000Z,5,3.148,0.023,3394,1.60,1822
890279,"Foundry USA",2025-03-31T16:55:52.000Z,2,3.143,0.018,3219,1.32,1100
890278,"Antpool",2025-03-31T16:53:47.000Z,1,3.137,0.012,488,1.41,559
890277,"Foundry USA",2025-03-31T16:52:38.000Z,7,3.155,0.030,6908,1.79,2541
890276,"Foundry USA",2025-03-31T16:45:15.000Z,15,3.173,0.048,12607,1.57,3209
890275,"Antpool",2025-03-31T16:29:50.000Z,3,3.140,0.015,3223,1.50,2878
890274,"Antpool",2025-03-31T16:27:17.000Z,0,3.133,0.008,154,1.69,1213
890273,"Antpool",2025-03-31T16:27:06.000Z,1,3.137,0.012,341,2.12,763
890272,"ViaBTC",2025-03-31T16:26:06.000Z,9,3.152,0.027,7981,1.66,3964
890271,"Foundry USA",2025-03-31T16:17:19.000Z,4,3.146,0.021,7506,1.61,2246
890270,"Foundry USA",2025-03-31T16:13:15.000Z,8,3.161,0.036,6825,1.60,2814
890269,"SpiderPool",2025-03-31T16:05:27.000Z,3,3.150,0.025,6324,1.76,3382
890268,"F2Pool",2025-03-31T16:02:21.000Z,0,3.145,0.020,248,1.63,3355
890267,"MARA Pool",2025-03-31T16:02:11.000Z,8,3.174,0.049,6436,1.75,3371
890266,"Luxor",2025-03-31T15:54:32.000Z,15,3.182,0.057,8419,1.62,3460
890265,"Foundry USA",2025-03-31T15:39:47.000Z,15,3.185,0.060,8690,1.68,3193
890264,"F2Pool",2025-03-31T15:25:15.000Z,1,3.148,0.023,1004,1.41,1220
890263,"Foundry USA",2025-03-31T15:24:03.000Z,3,3.153,0.028,3108,2.01,922
890262,"Antpool",2025-03-31T15:21:12.000Z,10,3.176,0.051,9436,1.72,3109
890261,"Antpool",2025-03-31T15:11:01.000Z,8,3.162,0.037,11491,1.73,2004
890260,"Foundry USA",2025-03-31T15:03:23.000Z,7,3.176,0.051,5536,1.68,2667
890259,"Foundry USA",2025-03-31T14:56:33.000Z,10,3.346,0.221,4346,1.55,3249
890258,"Foundry USA",2025-03-31T14:46:34.000Z,5,3.170,0.045,6188,1.66,2586
890257,"SpiderPool",2025-03-31T14:41:10.000Z,20,3.202,0.077,12791,1.51,3355
890256,"ViaBTC",2025-03-31T14:20:45.000Z,1,3.162,0.037,6299,1.76,2744
890255,"MARA Pool",2025-03-31T14:19:27.000Z,32,3.204,0.079,11121,1.59,3822
890254,"Foundry USA",2025-03-31T13:47:13.000Z,0,3.133,0.008,211,1.49,1743
890253,"Antpool",2025-03-31T13:47:08.000Z,0,3.136,0.011,245,1.70,1099
890252,"MARA Pool",2025-03-31T13:46:43.000Z,6,3.153,0.028,2292,2.00,1732
890251,"F2Pool",2025-03-31T13:40:50.000Z,0,3.138,0.013,23854,2.05,1589
890250,"SECPOOL",2025-03-31T13:40:48.000Z,6,3.156,0.031,6202,1.71,2316
890249,"F2Pool",2025-03-31T13:34:37.000Z,4,3.156,0.031,1993,1.57,1837
890248,"Foundry USA",2025-03-31T13:31:06.000Z,1,3.158,0.033,1671,1.71,2868
890247,"Foundry USA",2025-03-31T13:29:48.000Z,6,3.181,0.056,4082,1.79,3243
890246,"ViaBTC",2025-03-31T13:23:54.000Z,35,3.212,0.087,9842,1.62,3218
890245,"Mining Squared",2025-03-31T12:48:48.000Z,18,3.180,0.055,7592,1.63,3021
890244,"Foundry USA",2025-03-31T12:31:14.000Z,0,3.145,0.020,2374,1.60,3198
890243,"ViaBTC",2025-03-31T12:31:06.000Z,4,3.156,0.031,4248,1.71,3356
890242,"Foundry USA",2025-03-31T12:26:41.000Z,7,3.168,0.043,3975,1.67,3137
890241,"F2Pool",2025-03-31T12:19:37.000Z,1,3.161,0.036,10270,1.71,2272
890240,"F2Pool",2025-03-31T12:18:30.000Z,5,3.175,0.050,5528,1.65,2756
890239,"Antpool",2025-03-31T12:13:52.000Z,54,3.287,0.162,14102,1.54,4049
890238,"ViaBTC",2025-03-31T11:19:51.000Z,47,3.206,0.081,5224,1.46,3280
890237,"Luxor",2025-03-31T10:32:56.000Z,24,3.172,0.047,4958,1.63,3716
890236,"ViaBTC",2025-03-31T10:08:54.000Z,21,3.174,0.049,6182,1.68,3142
890235,"MARA Pool",2025-03-31T09:48:13.000Z,3,3.156,0.031,210,3.86,237
890234,"Foundry USA",2025-03-31T09:45:13.000Z,16,3.186,0.061,3284,1.82,2803
890233,"Antpool",2025-03-31T09:29:38.000Z,3,3.141,0.016,701,1.90,1687
890232,"BTC.com",2025-03-31T09:26:50.000Z,21,3.189,0.064,6031,1.70,3064
890231,"Antpool",2025-03-31T09:05:43.000Z,15,3.169,0.044,6049,1.90,2669
890230,"Foundry USA",2025-03-31T08:51:11.000Z,1,3.136,0.011,275,0.23,495
890229,"F2Pool",2025-03-31T08:50:29.000Z,13,3.166,0.041,3655,1.57,2736
890228,"SpiderPool",2025-03-31T08:37:54.000Z,3,3.134,0.009,2367,0.49,672
890227,"Foundry USA",2025-03-31T08:34:55.000Z,1,3.126,0.001,62,0.11,288
890226,"ViaBTC",2025-03-31T08:34:17.000Z,8,3.145,0.020,2327,1.70,3229
890225,"Foundry USA",2025-03-31T08:26:38.000Z,16,3.161,0.036,4751,1.51,3132
890224,"SECPOOL",2025-03-31T08:10:38.000Z,6,3.139,0.014,4782,1.09,1799
890223,"Carbon Negative",2025-03-31T08:04:43.000Z,7,3.147,0.022,2725,1.17,2112
890222,"ViaBTC",2025-03-31T07:57:36.000Z,6,3.136,0.011,1446,0.93,1713
890221,"F2Pool",2025-03-31T07:51:19.000Z,4,3.141,0.016,10649,1.91,1729
890220,"F2Pool",2025-03-31T07:47:12.000Z,1,3.143,0.018,997,1.98,2405
890219,"Unknown",2025-03-31T07:45:59.000Z,21,3.176,0.051,4668,1.51,3330
890218,"Foundry USA",2025-03-31T07:25:20.000Z,12,3.160,0.035,4285,1.86,2911
890217,"F2Pool",2025-03-31T07:13:29.000Z,27,3.193,0.068,8142,1.64,3178
890216,"OCEAN",2025-03-31T06:46:51.000Z,4,3.125,0.000,4,0.02,16
890215,"Foundry USA",2025-03-31T06:42:31.000Z,2,3.129,0.004,300,0.35,643
890214,"ViaBTC",2025-03-31T06:40:30.000Z,6,3.139,0.014,4604,1.06,1254
890213,"Antpool",2025-03-31T06:34:47.000Z,2,3.129,0.004,315,0.58,513
890212,"ViaBTC",2025-03-31T06:32:32.000Z,5,3.135,0.010,9152,1.35,825
890211,"Luxor",2025-03-31T06:28:01.000Z,2,3.130,0.005,390,0.44,950
890210,"Foundry USA",2025-03-31T06:26:29.000Z,16,3.157,0.032,21504,1.75,2596
890209,"Foundry USA",2025-03-31T06:10:50.000Z,10,3.149,0.024,1839,1.41,1975
890208,"Foundry USA",2025-03-31T06:00:24.000Z,9,3.142,0.017,2237,1.50,1864
890207,"ViaBTC",2025-03-31T05:51:18.000Z,17,3.155,0.030,4747,1.98,2084
890206,"Antpool",2025-03-31T05:34:38.000Z,2,3.131,0.006,326,0.65,516
890205,"Foundry USA",2025-03-31T05:32:22.000Z,0,3.128,0.003,106,0.60,1180
890204,"Foundry USA",2025-03-31T05:32:01.000Z,15,3.151,0.026,3422,2.02,2068
890203,"Foundry USA",2025-03-31T05:16:49.000Z,1,3.128,0.003,193,0.16,274
890202,"Braiins Pool",2025-03-31T05:15:33.000Z,5,3.140,0.015,1859,1.76,2363
890201,"ViaBTC",2025-03-31T05:10:11.000Z,0,3.136,0.011,664,1.99,2259
890200,"Foundry USA",2025-03-31T05:09:48.000Z,25,3.164,0.039,5671,1.68,2579
890199,"ViaBTC",2025-03-31T04:45:18.000Z,13,3.155,0.030,2641,1.68,1679
890198,"Antpool",2025-03-31T04:31:53.000Z,10,3.155,0.030,1532,1.99,1639
890197,"Antpool",2025-03-31T04:22:04.000Z,21,3.177,0.052,23615,1.65,2694
890196,"Antpool",2025-03-31T04:01:04.000Z,24,3.182,0.057,6389,1.72,2506
890195,"Foundry USA",2025-03-31T03:37:09.000Z,13,3.166,0.041,3175,1.72,1706
890194,"Foundry USA",2025-03-31T03:24:15.000Z,9,3.147,0.022,17099,1.05,1374
890193,"F2Pool",2025-03-31T03:15:13.000Z,5,3.135,0.010,1524,0.56,882
890192,"Antpool",2025-03-31T03:09:46.000Z,6,3.137,0.012,4074,0.63,1092
890191,"SpiderPool",2025-03-31T03:03:21.000Z,5,3.137,0.012,1597,0.77,1165
890190,"Foundry USA",2025-03-31T02:58:02.000Z,5,3.141,0.016,1748,1.85,1965
890189,"Luxor",2025-03-31T02:53:18.000Z,31,3.165,0.040,5000,1.61,2797
890188,"Antpool",2025-03-31T02:22:41.000Z,13,3.148,0.023,2505,1.56,2106
890187,"Binance Pool",2025-03-31T02:09:54.000Z,1,3.127,0.002,2694,0.07,130
890186,"Antpool",2025-03-31T02:09:17.000Z,4,3.139,0.014,1429,1.85,1341
890185,"Antpool",2025-03-31T02:05:23.000Z,22,3.157,0.032,3211,1.61,2842
890184,"Antpool",2025-03-31T01:43:18.000Z,9,3.136,0.011,2130,0.80,1398
890183,"Unknown",2025-03-31T01:34:09.000Z,7,3.137,0.012,1275,1.13,1112
890182,"Foundry USA",2025-03-31T01:27:33.000Z,4,3.141,0.016,982,2.10,1133
890181,"MARA Pool",2025-03-31T01:23:15.000Z,3,3.139,0.014,869,2.24,2470
890180,"Foundry USA",2025-03-31T01:20:15.000Z,26,3.160,0.035,7247,1.65,2621
890179,"ViaBTC",2025-03-31T00:53:59.000Z,13,3.152,0.027,2827,1.87,2181
890178,"Antpool",2025-03-31T00:40:34.000Z,33,3.169,0.044,23085,1.76,3048
890177,"SpiderPool",2025-03-31T00:07:52.000Z,19,3.155,0.030,3610,1.85,2239
890176,"Binance Pool",2025-03-30T23:49:22.000Z,10,3.138,0.013,1978,1.03,1399
890175,"ViaBTC",2025-03-30T23:39:36.000Z,1,3.127,0.002,300,0.14,224
890174,"Binance Pool",2025-03-30T23:38:22.000Z,12,3.143,0.018,6411,1.35,1757
890173,"Luxor",2025-03-30T23:26:10.000Z,3,3.131,0.006,776,0.81,1349
890172,"Foundry USA",2025-03-30T23:23:09.000Z,24,3.154,0.029,4475,1.73,3061
890171,"Foundry USA",2025-03-30T22:59:03.000Z,7,3.134,0.009,1054,0.75,1018
890170,"Braiins Pool",2025-03-30T22:52:24.000Z,8,3.138,0.013,3857,0.70,1227
890169,"Poolin",2025-03-30T22:44:20.000Z,0,3.126,0.001,44,0.04,83
890168,"Antpool",2025-03-30T22:44:08.000Z,5,3.132,0.007,637,0.49,733
890167,"Foundry USA",2025-03-30T22:39:37.000Z,11,3.143,0.018,4697,0.91,1624
890166,"SECPOOL",2025-03-30T22:28:55.000Z,14,3.147,0.022,2103,1.22,2110
890165,"Foundry USA",2025-03-30T22:14:37.000Z,2,3.130,0.005,366,0.30,639
890164,"F2Pool",2025-03-30T22:12:29.000Z,9,3.138,0.013,4462,0.77,1533
890163,"Antpool",2025-03-30T22:03:39.000Z,2,3.130,0.005,417,0.46,1190
890162,"Foundry USA",2025-03-30T22:01:34.000Z,9,3.145,0.020,1425,1.73,5510
890161,"ViaBTC",2025-03-30T21:52:22.000Z,4,3.138,0.013,368,1.31,4800
890160,"Foundry USA",2025-03-30T21:48:27.000Z,5,3.140,0.015,1337,1.54,5364
890159,"Antpool",2025-03-30T21:43:18.000Z,6,3.140,0.015,1199,1.61,4970
890158,"Foundry USA",2025-03-30T21:36:49.000Z,0,3.125,0.000,17,0.00,18
890157,"Foundry USA",2025-03-30T21:36:38.000Z,8,3.140,0.015,4837,1.35,1925
890156,"ViaBTC",2025-03-30T21:28:54.000Z,5,3.136,0.011,451,1.05,2575
890155,"Binance Pool",2025-03-30T21:23:57.000Z,6,3.139,0.014,1595,1.18,2528
890154,"Foundry USA",2025-03-30T21:17:54.000Z,15,3.150,0.025,2986,1.49,2816
890153,"Foundry USA",2025-03-30T21:02:25.000Z,3,3.129,0.004,391,0.34,682
890152,"Antpool",2025-03-30T20:59:44.000Z,8,3.141,0.016,825,1.31,2454
890151,"MARA Pool",2025-03-30T20:51:51.000Z,14,3.154,0.029,6564,1.54,2534
890150,"F2Pool",2025-03-30T20:37:53.000Z,1,3.131,0.006,465,0.64,837
890149,"Foundry USA",2025-03-30T20:36:33.000Z,18,3.153,0.028,5270,1.62,3984
890148,"Foundry USA",2025-03-30T20:18:41.000Z,10,3.144,0.019,2594,1.45,3218
890147,"ViaBTC",2025-03-30T20:08:42.000Z,24,3.166,0.041,8632,1.63,3612
890146,"F2Pool",2025-03-30T19:44:30.000Z,2,3.129,0.004,755,0.21,522
890145,"Binance Pool",2025-03-30T19:42:45.000Z,6,3.138,0.013,908,0.90,1672
890144,"Antpool",2025-03-30T19:36:23.000Z,8,3.142,0.017,1852,1.26,1804
890143,"Foundry USA",2025-03-30T19:28:19.000Z,7,3.140,0.015,1328,1.35,2594
890142,"F2Pool",2025-03-30T19:21:25.000Z,0,3.133,0.008,88,1.35,2707
890141,"Foundry USA",2025-03-30T19:21:09.000Z,22,3.163,0.038,4220,1.59,3576
890140,"Luxor",2025-03-30T18:59:02.000Z,1,3.130,0.005,199,0.72,902
890139,"Foundry USA",2025-03-30T18:58:08.000Z,18,3.159,0.034,3020,1.60,3759
890138,"Luxor",2025-03-30T18:40:29.000Z,1,3.131,0.006,139,1.18,321
890137,"ViaBTC",2025-03-30T18:39:43.000Z,14,3.151,0.026,3156,1.64,2967
890136,"Binance Pool",2025-03-30T18:25:58.000Z,1,3.138,0.013,279,2.02,1691
890135,"ViaBTC",2025-03-30T18:24:36.000Z,12,3.158,0.033,3384,1.66,3929
890134,"OCEAN",2025-03-30T18:12:19.000Z,14,3.160,0.035,4792,1.63,3161
890133,"OCEAN",2025-03-30T17:58:16.000Z,38,3.179,0.054,8695,1.57,3695
890132,"Foundry USA",2025-03-30T17:20:15.000Z,4,3.142,0.017,692,1.91,1017
890131,"F2Pool",2025-03-30T17:15:56.000Z,0,3.135,0.010,12,2.14,258
890130,"Foundry USA",2025-03-30T17:15:48.000Z,8,3.147,0.022,2189,1.79,2428
890129,"Foundry USA",2025-03-30T17:08:09.000Z,1,3.137,0.012,367,1.98,1761
890128,"Antpool",2025-03-30T17:07:14.000Z,3,3.145,0.020,1179,1.67,2124
890127,"ViaBTC",2025-03-30T17:04:06.000Z,9,3.158,0.033,4717,1.60,2414
890126,"ViaBTC",2025-03-30T16:55:06.000Z,31,3.184,0.059,12637,1.52,3556
890125,"ViaBTC",2025-03-30T16:24:20.000Z,6,3.146,0.021,3416,1.84,1797
890124,"F2Pool",2025-03-30T16:17:58.000Z,6,3.144,0.019,1140,2.16,1390
890123,"ViaBTC",2025-03-30T16:11:52.000Z,7,3.145,0.020,4474,1.82,3080
890122,"Antpool",2025-03-30T16:04:56.000Z,1,3.137,0.012,202,1.51,1129
890121,"Foundry USA",2025-03-30T16:03:49.000Z,11,3.163,0.038,3425,1.63,2419
890120,"Foundry USA",2025-03-30T15:53:02.000Z,14,3.154,0.029,3474,1.73,2923
890119,"SpiderPool",2025-03-30T15:39:16.000Z,1,3.143,0.018,568,1.75,2816
890118,"Foundry USA",2025-03-30T15:38:43.000Z,23,3.175,0.050,8024,1.64,3671
890117,"Binance Pool",2025-03-30T15:15:59.000Z,15,3.162,0.037,4857,1.63,3406
890116,"Foundry USA",2025-03-30T15:01:08.000Z,9,3.168,0.043,1749,1.70,2864
890115,"Foundry USA",2025-03-30T14:52:35.000Z,38,3.189,0.064,9206,1.57,3300
890114,"Foundry USA",2025-03-30T14:14:22.000Z,1,3.146,0.021,1425,1.64,4474
890113,"MARA Pool",2025-03-30T14:12:56.000Z,26,3.175,0.050,4908,1.61,3642
890112,"Antpool",2025-03-30T13:47:17.000Z,37,3.179,0.054,4283,1.62,3359
890111,"Antpool",2025-03-30T13:10:42.000Z,7,3.159,0.034,6205,1.62,2400
890110,"ViaBTC",2025-03-30T13:03:25.000Z,47,3.188,0.063,16311,1.51,3347
890109,"ViaBTC",2025-03-30T12:16:19.000Z,25,3.162,0.037,4978,1.64,4152
890108,"Foundry USA",2025-03-30T11:51:48.000Z,12,3.148,0.023,4210,1.74,2746
890107,"Foundry USA",2025-03-30T11:39:28.000Z,8,3.142,0.017,1021,1.84,1550
890106,"Foundry USA",2025-03-30T11:31:23.000Z,11,3.148,0.023,2118,1.88,2004
890105,"Antpool",2025-03-30T11:20:37.000Z,21,3.157,0.032,6258,1.66,3172
890104,"ViaBTC",2025-03-30T10:59:37.000Z,6,3.142,0.017,4448,1.90,1243
890103,"SpiderPool",2025-03-30T10:53:38.000Z,0,3.125,,,0.00,1
890102,"Foundry USA",2025-03-30T10:53:15.000Z,7,3.142,0.017,793,1.97,1236
890101,"Foundry USA",2025-03-30T10:46:20.000Z,7,3.145,0.020,2191,1.69,1488
890100,"Antpool",2025-03-30T10:38:53.000Z,0,3.136,0.011,554,2.11,236
890099,"OCEAN",2025-03-30T10:38:45.000Z,15,3.151,0.026,2551,1.71,2103
890098,"F2Pool",2025-03-30T10:23:54.000Z,7,3.143,0.018,1141,1.87,1358
890097,"MARA Pool",2025-03-30T10:16:41.000Z,9,3.146,0.021,5341,1.77,1901
890096,"F2Pool",2025-03-30T10:07:15.000Z,25,3.172,0.047,3493,1.73,2990
890095,"Foundry USA",2025-03-30T09:42:45.000Z,18,3.153,0.028,2479,1.49,3755
890094,"F2Pool",2025-03-30T09:24:47.000Z,12,3.151,0.026,4014,1.79,1965
890093,"ViaBTC",2025-03-30T09:12:59.000Z,0,3.135,0.010,7,2.12,113
890092,"MARA Pool",2025-03-30T09:12:35.000Z,2,3.139,0.014,381,1.89,1348
890091,"MARA Pool",2025-03-30T09:10:42.000Z,22,3.171,0.046,3130,2.02,2857
890090,"ViaBTC",2025-03-30T08:48:26.000Z,5,3.147,0.022,1008,1.69,3001
890089,"Foundry USA",2025-03-30T08:43:35.000Z,22,3.165,0.040,6360,1.70,2731
890088,"Antpool",2025-03-30T08:21:50.000Z,33,3.173,0.048,4654,1.62,3425
890087,"F2Pool",2025-03-30T07:48:52.000Z,6,3.144,0.019,1930,1.99,1149
890086,"Foundry USA",2025-03-30T07:42:53.000Z,20,3.164,0.039,3235,1.55,3269
890085,"Foundry USA",2025-03-30T07:23:14.000Z,4,3.140,0.015,1021,1.90,723
890084,"F2Pool",2025-03-30T07:19:19.000Z,9,3.149,0.024,1469,1.79,2130
890083,"Antpool",2025-03-30T07:10:11.000Z,21,3.157,0.032,7315,1.59,3551
890082,"Luxor",2025-03-30T06:48:49.000Z,19,3.157,0.032,3328,1.42,2841
890081,"F2Pool",2025-03-30T06:29:30.000Z,5,3.143,0.018,854,2.04,1085
890080,"Foundry USA",2025-03-30T06:24:47.000Z,6,3.145,0.020,1392,1.90,980
890079,"Foundry USA",2025-03-30T06:18:50.000Z,13,3.152,0.027,1554,1.85,2091
890078,"ViaBTC",2025-03-30T06:06:06.000Z,13,3.153,0.028,1673,1.73,2314
890077,"Foundry USA",2025-03-30T05:53:30.000Z,23,3.158,0.033,4398,1.65,3497
890076,"Foundry USA",2025-03-30T05:30:56.000Z,11,3.147,0.022,1971,1.70,2360
890075,"Foundry USA",2025-03-30T05:20:04.000Z,14,3.152,0.027,2378,1.77,2260
890074,"MARA Pool",2025-03-30T05:06:19.000Z,14,3.152,0.027,8584,1.70,2911
890073,"F2Pool",2025-03-30T04:52:21.000Z,15,3.159,0.034,1799,1.53,1485
890072,"Foundry USA",2025-03-30T04:37:35.000Z,9,3.146,0.021,3975,1.84,1701
890071,"ViaBTC",2025-03-30T04:28:06.000Z,19,3.156,0.031,4384,1.66,2784
890070,"MARA Pool",2025-03-30T04:09:30.000Z,1,3.139,0.014,451,2.13,307
890069,"Binance Pool",2025-03-30T04:08:30.000Z,1,3.139,0.014,123,1.98,288
890068,"Antpool",2025-03-30T04:07:01.000Z,6,3.145,0.020,5508,1.90,1429
890067,"Foundry USA",2025-03-30T04:01:17.000Z,6,3.148,0.023,777,1.76,1453
890066,"ViaBTC",2025-03-30T03:55:46.000Z,2,3.140,0.015,257,2.04,975
890065,"Foundry USA",2025-03-30T03:53:47.000Z,9,3.152,0.027,3524,1.63,2391
890064,"Antpool",2025-03-30T03:44:28.000Z,1,3.137,0.012,200,1.95,528
890063,"ViaBTC",2025-03-30T03:43:20.000Z,6,3.152,0.027,1457,1.68,2868
890062,"F2Pool",2025-03-30T03:37:33.000Z,27,3.182,0.057,18691,1.45,2331
890061,"Foundry USA",2025-03-30T03:10:49.000Z,18,3.168,0.043,2565,1.69,2743
890060,"ViaBTC",2025-03-30T02:52:45.000Z,1,3.136,0.011,139,2.07,224
890059,"Foundry USA",2025-03-30T02:51:32.000Z,8,3.147,0.022,2891,1.86,1567
890058,"Antpool",2025-03-30T02:43:14.000Z,4,3.141,0.016,380,1.90,1453
890057,"Foundry USA",2025-03-30T02:39:00.000Z,5,3.142,0.017,735,1.79,1426
890056,"ViaBTC",2025-03-30T02:34:16.000Z,5,3.141,0.016,788,1.90,2599
890055,"Antpool",2025-03-30T02:29:34.000Z,14,3.147,0.022,1752,1.77,3598
890054,"ViaBTC",2025-03-30T02:15:36.000Z,14,3.148,0.023,4178,1.66,3186
890053,"Antpool",2025-03-30T02:01:10.000Z,12,3.145,0.020,3290,1.73,3840
890052,"OCEAN",2025-03-30T01:49:24.000Z,3,3.138,0.013,379,1.77,2310
890051,"MARA Pool",2025-03-30T01:45:56.000Z,6,3.139,0.014,718,1.84,3252
890050,"ViaBTC",2025-03-30T01:40:20.000Z,13,3.150,0.025,2127,1.71,4073
890049,"Luxor",2025-03-30T01:27:00.000Z,4,3.139,0.014,579,1.95,1725
890048,"Foundry USA",2025-03-30T01:23:03.000Z,20,3.179,0.054,2450,1.92,2672
890047,"Luxor",2025-03-30T01:02:39.000Z,12,3.149,0.024,4162,1.99,1979
890046,"MARA Pool",2025-03-30T00:51:05.000Z,0,3.135,0.010,3,2.17,229
890045,"Foundry USA",2025-03-30T00:50:59.000Z,0,3.137,0.012,61,2.15,298
890044,"Antpool",2025-03-30T00:50:38.000Z,14,3.151,0.026,2393,1.58,2186
890043,"Luxor",2025-03-30T00:36:55.000Z,3,3.140,0.015,463,1.91,2600
890042,"SpiderPool",2025-03-30T00:33:47.000Z,19,3.157,0.032,3273,1.67,3120
890041,"ViaBTC",2025-03-30T00:14:29.000Z,3,3.140,0.015,19563,1.96,2530
890040,"SpiderPool",2025-03-30T00:11:25.000Z,12,3.149,0.024,4159,1.66,3871
890039,"Foundry USA",2025-03-29T23:59:54.000Z,16,3.149,0.024,2157,1.76,2279
890038,"Antpool",2025-03-29T23:43:52.000Z,7,3.143,0.018,1317,1.91,2508
890037,"SECPOOL",2025-03-29T23:36:45.000Z,16,3.150,0.025,4977,1.76,2896
890036,"ViaBTC",2025-03-29T23:20:51.000Z,3,3.140,0.015,527,2.09,590
890035,"Foundry USA",2025-03-29T23:18:04.000Z,21,3.160,0.035,3919,1.66,3196
890034,"Antpool",2025-03-29T22:56:54.000Z,1,3.137,0.012,217,2.14,373
890033,"Antpool",2025-03-29T22:56:01.000Z,15,3.156,0.031,2922,1.63,2634
890032,"F2Pool",2025-03-29T22:40:47.000Z,20,3.162,0.037,8418,1.51,2817
890031,"ViaBTC",2025-03-29T22:20:38.000Z,0,3.135,0.010,25,2.16,170
890030,"Foundry USA",2025-03-29T22:20:17.000Z,11,3.146,0.021,2059,1.78,1902
890029,"MARA Pool",2025-03-29T22:09:09.000Z,6,3.144,0.019,781,1.97,1652
890028,"SpiderPool",2025-03-29T22:03:24.000Z,5,3.145,0.020,3542,1.69,1466
890027,"F2Pool",2025-03-29T21:58:14.000Z,5,3.151,0.026,2169,1.70,3704
890026,"F2Pool",2025-03-29T21:53:40.000Z,40,3.179,0.054,5212,1.54,3302
890025,"Binance Pool",2025-03-29T21:14:05.000Z,1,3.137,0.012,276,2.05,579
890024,"Antpool",2025-03-29T21:13:35.000Z,21,3.167,0.042,3943,1.68,3673
890023,"Foundry USA",2025-03-29T20:52:14.000Z,7,3.148,0.023,1135,1.87,1807
890022,"SpiderPool",2025-03-29T20:45:33.000Z,20,3.165,0.040,3737,1.38,2722
890021,"Antpool",2025-03-29T20:25:57.000Z,4,3.141,0.016,3354,2.01,904
890020,"ViaBTC",2025-03-29T20:21:40.000Z,2,3.138,0.013,262,2.10,489
890019,"F2Pool",2025-03-29T20:19:47.000Z,2,3.140,0.015,394,2.03,559
890018,"Antpool",2025-03-29T20:18:07.000Z,5,3.151,0.026,1265,1.66,3221
890017,"Foundry USA",2025-03-29T20:13:30.000Z,3,3.139,0.014,555,1.11,675
890016,"F2Pool",2025-03-29T20:10:11.000Z,6,3.145,0.020,1451,1.76,1302
890015,"Foundry USA",2025-03-29T20:04:02.000Z,6,3.147,0.022,4643,1.68,1503
890014,"SECPOOL",2025-03-29T19:57:57.000Z,1,3.136,0.011,123,1.26,286
890013,"Foundry USA",2025-03-29T19:56:46.000Z,12,3.154,0.029,3064,1.42,2473
890012,"SpiderPool",2025-03-29T19:44:47.000Z,4,3.139,0.014,439,1.17,559
890011,"ViaBTC",2025-03-29T19:40:23.000Z,14,3.157,0.032,2753,1.50,2895
890010,"Antpool",2025-03-29T19:25:56.000Z,1,3.136,0.011,111,1.27,172
890009,"Unknown",2025-03-29T19:25:09.000Z,4,3.143,0.018,920,1.21,1234
890008,"Foundry USA",2025-03-29T19:20:49.000Z,2,3.143,0.018,854,1.43,1119
890007,"Antpool",2025-03-29T19:18:26.000Z,3,3.152,0.027,4609,1.69,2723
890006,"BTC.com",2025-03-29T19:15:10.000Z,1,3.155,0.030,2647,1.57,3374
890005,"ViaBTC",2025-03-29T19:13:47.000Z,29,3.187,0.062,6464,1.56,3472
890004,"Foundry USA",2025-03-29T18:45:10.000Z,39,3.191,0.066,8141,1.48,3508
890003,"Foundry USA",2025-03-29T18:05:59.000Z,13,3.159,0.034,,1.60,3029
890002,"Antpool",2025-03-29T17:52:57.000Z,11,3.152,0.027,,1.47,2655
890001,"F2Pool",2025-03-29T17:41:33.000Z,13,3.157,0.032,,1.59,2813
890000,"Luxor",2025-03-29T17:29:01.000Z,13,3.172,0.047,,1.61,2843
889999,"ViaBTC",2025-03-29T17:15:44.000Z,1,3.139,0.014,,1.18,406
889998,"Luxor",2025-03-29T17:14:57.000Z,17,3.165,0.040,,1.61,3418
889997,"ViaBTC",2025-03-29T16:57:58.000Z,0,3.136,0.011,,1.86,86
889996,"ViaBTC",2025-03-29T16:57:36.000Z,7,3.148,0.023,,1.76,1842
889995,"Foundry USA",2025-03-29T16:50:19.000Z,5,3.147,0.022,,1.79,1437
889994,"Foundry USA",2025-03-29T16:45:08.000Z,3,3.145,0.020,,1.80,2434
889993,"SECPOOL",2025-03-29T16:42:06.000Z,0,3.125,,,0.00,1
889992,"F2Pool",2025-03-29T16:41:47.000Z,2,3.149,0.024,,1.66,2755
889991,"Antpool",2025-03-29T16:39:29.000Z,4,3.158,0.033,,1.62,3590
889990,"Foundry USA",2025-03-29T16:35:37.000Z,11,3.170,0.045,,1.68,3174
889989,"Foundry USA",2025-03-29T16:24:39.000Z,18,3.185,0.060,,1.57,3675
889988,"Foundry USA",2025-03-29T16:06:57.000Z,51,3.438,0.313,,1.56,3345
889987,"Foundry USA",2025-03-29T15:15:59.000Z,4,3.146,0.021,,1.96,1738
889986,"Foundry USA",2025-03-29T15:12:22.000Z,7,3.147,0.022,,1.45,2332
889985,"Foundry USA",2025-03-29T15:05:03.000Z,4,3.147,0.022,,1.71,2176
889984,"Foundry USA",2025-03-29T15:00:53.000Z,12,3.163,0.038,,1.74,2938
889983,"Foundry USA",2025-03-29T14:48:57.000Z,20,3.171,0.046,,1.42,2533
889982,"Foundry USA",2025-03-29T14:28:44.000Z,1,3.141,0.016,,1.64,464
889981,"Antpool",2025-03-29T14:27:15.000Z,2,3.142,0.017,,1.82,1685
889980,"F2Pool",2025-03-29T14:25:20.000Z,21,3.169,0.044,,1.61,3375
889979,"Antpool",2025-03-29T14:03:52.000Z,10,3.153,0.028,,1.75,2140
889978,"MARA Pool",2025-03-29T13:54:17.000Z,8,3.153,0.028,,1.73,1644
889977,"SpiderPool",2025-03-29T13:46:16.000Z,16,3.167,0.042,,1.75,3139
889976,"MARA Pool",2025-03-29T13:30:25.000Z,18,3.159,0.034,,1.69,3328
889975,"Solo CK",2025-03-29T13:12:09.000Z,6,3.149,0.024,,1.45,1610
889974,"MARA Pool",2025-03-29T13:06:11.000Z,8,3.150,0.025,,1.38,1875
889973,"Foundry USA",2025-03-29T12:58:22.000Z,12,3.162,0.037,,1.60,3373
889972,"Foundry USA",2025-03-29T12:46:04.000Z,26,3.182,0.057,,1.51,3599
889971,"Foundry USA",2025-03-29T12:19:53.000Z,21,3.168,0.043,,1.69,3575
889970,"WhitePool",2025-03-29T11:58:49.000Z,11,3.149,0.024,,1.65,2577
889969,"Foundry USA",2025-03-29T11:47:39.000Z,10,3.150,0.025,,1.58,1899
889968,"Antpool",2025-03-29T11:37:49.000Z,11,3.153,0.028,,1.65,2108
889967,"SECPOOL",2025-03-29T11:26:23.000Z,6,3.146,0.021,,1.71,1343
889966,"Antpool",2025-03-29T11:19:56.000Z,6,3.146,0.021,,2.06,1078
889965,"Foundry USA",2025-03-29T11:13:43.000Z,16,3.156,0.031,,1.54,2713
889964,"MARA Pool",2025-03-29T10:58:10.000Z,5,3.141,0.016,,1.91,1015
889963,"Foundry USA",2025-03-29T10:53:22.000Z,0,3.135,0.010,,2.16,80
889962,"Foundry USA",2025-03-29T10:53:03.000Z,3,3.140,0.015,,1.98,672
889961,"BTC.com",2025-03-29T10:49:39.000Z,11,3.149,0.024,,1.53,2230
889960,"F2Pool",2025-03-29T10:38:32.000Z,11,3.155,0.030,,1.52,2441
889959,"Foundry USA",2025-03-29T10:27:16.000Z,9,3.147,0.022,,1.65,1677
889958,"Foundry USA",2025-03-29T10:18:12.000Z,0,3.135,0.010,,2.16,76
889957,"ViaBTC",2025-03-29T10:18:06.000Z,0,3.135,0.010,,2.13,516
889956,"Foundry USA",2025-03-29T10:17:46.000Z,10,3.148,0.023,,1.57,3378
889955,"SpiderPool",2025-03-29T10:07:30.000Z,5,3.141,0.016,,1.94,852
889954,"SpiderPool",2025-03-29T10:03:00.000Z,10,3.146,0.021,,1.68,3652
889953,"Foundry USA",2025-03-29T09:53:11.000Z,8,3.147,0.022,,1.57,1492
889952,"SpiderPool",2025-03-29T09:45:19.000Z,22,3.162,0.037,,1.59,3540
889951,"Antpool",2025-03-29T09:23:47.000Z,9,3.147,0.022,,1.69,1702
889950,"ViaBTC",2025-03-29T09:15:06.000Z,4,3.142,0.017,,1.84,2412
889949,"Antpool",2025-03-29T09:11:13.000Z,12,3.159,0.034,,1.58,2330
889948,"BitFuFuPool",2025-03-29T08:59:12.000Z,4,3.145,0.020,,1.43,2166
889947,"Foundry USA",2025-03-29T08:54:57.000Z,23,3.169,0.044,,1.58,3151
889946,"Foundry USA",2025-03-29T08:31:49.000Z,14,3.153,0.028,,1.55,3435
889945,"ViaBTC",2025-03-29T08:18:06.000Z,1,3.136,0.011,,2.09,161
889944,"Foundry USA",2025-03-29T08:17:28.000Z,14,3.155,0.030,,1.54,2688
889943,"MARA Pool",2025-03-29T08:03:13.000Z,2,3.140,0.015,,1.84,644
889942,"MARA Pool",2025-03-29T08:01:10.000Z,1,3.144,0.019,,1.23,1277
889941,"Foundry USA",2025-03-29T07:59:54.000Z,18,3.164,0.039,,1.64,2850
889940,"F2Pool",2025-03-29T07:41:27.000Z,25,3.174,0.049,,1.70,3064
889939,"Braiins Pool",2025-03-29T07:16:29.000Z,5,3.146,0.021,,1.34,2160
889938,"SpiderPool",2025-03-29T07:11:18.000Z,17,3.290,0.165,,1.60,3719
889937,"Foundry USA",2025-03-29T06:54:18.000Z,23,3.170,0.045,,1.45,2904
889936,"ViaBTC",2025-03-29T06:31:35.000Z,15,3.158,0.033,,1.55,2423
889935,"Antpool",2025-03-29T06:17:00.000Z,3,3.139,0.014,,1.77,1371
889934,"Antpool",2025-03-29T06:14:21.000Z,14,3.160,0.035,,1.44,2520
889933,"ViaBTC",2025-03-29T06:00:44.000Z,6,3.145,0.020,,1.63,2508
889932,"ViaBTC",2025-03-29T05:55:06.000Z,19,3.164,0.039,,1.54,3050
889931,"Foundry USA",2025-03-29T05:36:16.000Z,1,3.137,0.012,,1.89,199
889930,"SECPOOL",2025-03-29T05:35:45.000Z,14,3.151,0.026,,1.56,2304
889929,"Foundry USA",2025-03-29T05:22:05.000Z,4,3.142,0.017,,1.87,3115
889928,"ViaBTC",2025-03-29T05:18:27.000Z,6,3.144,0.019,,1.75,1646
889927,"Antpool",2025-03-29T05:12:26.000Z,11,3.152,0.027,,1.54,1888
889926,"ViaBTC",2025-03-29T05:01:31.000Z,5,3.148,0.023,,1.42,1438
889925,"F2Pool",2025-03-29T04:56:43.000Z,21,3.162,0.037,,1.50,2548
889924,"Foundry USA",2025-03-29T04:35:50.000Z,3,3.145,0.020,,1.32,1331
889923,"Foundry USA",2025-03-29T04:33:16.000Z,32,3.170,0.045,,1.61,3340
889922,"Foundry USA",2025-03-29T04:01:00.000Z,10,3.149,0.024,,1.70,1581
889921,"Foundry USA",2025-03-29T03:50:38.000Z,6,3.142,0.017,,1.83,947
889920,"Antpool",2025-03-29T03:44:44.000Z,9,3.151,0.026,853,1.68,2837
889919,"MARA Pool",2025-03-29T03:36:03.000Z,8,3.151,0.026,1157,1.61,1443
889918,"SpiderPool",2025-03-29T03:28:26.000Z,6,3.144,0.019,826,1.94,1091
889917,"Foundry USA",2025-03-29T03:22:53.000Z,4,3.143,0.018,550,1.60,2782
889916,"Carbon Negative",2025-03-29T03:19:19.000Z,2,3.146,0.021,595,1.18,906
889915,"SBI Crypto",2025-03-29T03:17:45.000Z,11,3.159,0.034,3174,1.57,3228
889914,"Foundry USA",2025-03-29T03:06:25.000Z,38,3.182,0.057,4975,1.42,2684
889913,"Foundry USA",2025-03-29T02:28:26.000Z,6,3.145,0.020,996,1.79,2443
889912,"ViaBTC",2025-03-29T02:22:00.000Z,6,3.144,0.019,889,1.76,1110
889911,"Foundry USA",2025-03-29T02:16:11.000Z,12,3.152,0.027,1755,1.73,2015
889910,"Luxor",2025-03-29T02:04:16.000Z,4,3.141,0.016,467,1.99,766
889909,"MARA Pool",2025-03-29T02:00:24.000Z,7,3.145,0.020,1507,1.65,1334
889908,"Antpool",2025-03-29T01:53:15.000Z,5,3.143,0.018,1699,1.85,904
889907,"ViaBTC",2025-03-29T01:47:59.000Z,5,3.143,0.018,2809,1.82,1119
889906,"F2Pool",2025-03-29T01:42:39.000Z,9,3.155,0.030,1785,1.60,1781
889905,"Antpool",2025-03-29T01:33:29.000Z,15,3.156,0.031,5396,1.60,2515
889904,"Antpool",2025-03-29T01:18:50.000Z,3,3.147,0.022,509,1.66,1660
889903,"F2Pool",2025-03-29T01:15:24.000Z,2,3.148,0.023,247,1.08,387
889902,"Antpool",2025-03-29T01:13:32.000Z,20,3.175,0.050,6809,1.55,3317
889901,"Antpool",2025-03-29T00:53:54.000Z,27,3.182,0.057,7269,1.44,3043
889900,"Antpool",2025-03-29T00:26:57.000Z,10,3.159,0.034,1682,1.35,1689
889899,"MARA Pool",2025-03-29T00:17:12.000Z,21,3.172,0.047,27385,1.66,3109
889898,"Antpool",2025-03-28T23:55:51.000Z,15,3.163,0.038,3659,1.45,2618
889897,"Foundry USA",2025-03-28T23:40:50.000Z,14,3.167,0.042,2915,1.60,2200
889896,"Antpool",2025-03-28T23:26:22.000Z,14,3.161,0.036,3121,1.47,2165
889895,"Foundry USA",2025-03-28T23:12:36.000Z,16,3.170,0.045,6849,1.54,2999
889894,"ViaBTC",2025-03-28T22:57:06.000Z,-2,3.152,0.027,1732,1.28,1418
889893,"F2Pool",2025-03-28T22:59:17.000Z,28,3.194,0.069,5881,1.63,3090
889892,"ViaBTC",2025-03-28T22:30:53.000Z,8,3.166,0.041,4719,1.72,4186
889891,"Foundry USA",2025-03-28T22:22:35.000Z,0,3.148,0.023,1143,1.52,1793
889890,"ViaBTC",2025-03-28T22:22:15.000Z,5,3.167,0.042,3389,1.77,3631
889889,"Foundry USA",2025-03-28T22:17:08.000Z,2,3.171,0.046,4489,1.71,4193
889888,"SpiderPool",2025-03-28T22:15:18.000Z,30,3.206,0.081,7418,1.70,3612
889887,"ViaBTC",2025-03-28T21:44:55.000Z,21,3.178,0.053,8842,1.61,4137
889886,"Luxor",2025-03-28T21:23:43.000Z,11,3.161,0.036,4321,1.65,3221
889885,"ViaBTC",2025-03-28T21:12:36.000Z,13,3.172,0.047,7804,1.61,2999
889884,"SECPOOL",2025-03-28T21:00:00.000Z,0,3.143,0.018,466,1.36,1302
889883,"Antpool",2025-03-28T20:59:58.000Z,9,3.163,0.038,5330,1.54,3025
889882,"ViaBTC",2025-03-28T20:50:30.000Z,8,3.174,0.049,9348,1.39,2421
889881,"Antpool",2025-03-28T20:42:06.000Z,33,3.211,0.086,16095,1.58,3673
889880,"Foundry USA",2025-03-28T20:09:27.000Z,4,3.146,0.021,2392,1.64,1662
889879,"SpiderPool",2025-03-28T20:05:01.000Z,2,3.141,0.016,373,1.13,514
889878,"Foundry USA",2025-03-28T20:03:14.000Z,8,3.153,0.028,6219,1.38,2032
889877,"Antpool",2025-03-28T19:55:26.000Z,3,3.142,0.017,4961,1.77,4499
889876,"ViaBTC",2025-03-28T19:52:36.000Z,1,3.139,0.014,934,1.14,302
889875,"ViaBTC",2025-03-28T19:51:33.000Z,1,3.139,0.014,873,1.35,1469
889874,"Foundry USA",2025-03-28T19:50:26.000Z,7,3.154,0.029,4615,1.71,2679
889873,"F2Pool",2025-03-28T19:43:29.000Z,10,3.172,0.047,7177,1.55,2357
889872,"Antpool",2025-03-28T19:33:15.000Z,5,3.154,0.029,2688,1.73,1854
889871,"SpiderPool",2025-03-28T19:28:07.000Z,2,3.147,0.022,4521,1.55,941
889870,"Antpool",2025-03-28T19:25:46.000Z,12,3.175,0.050,5507,1.61,2558
